ID,TITULAR,RUC,TITULO_PROYECTO,UNIDAD_PROYECTO,TIPO,ACTIVIDAD,FECHA_INICIO,ESTADO,DESCRIPCION,LONGITUD,LATITUD,RESOLUCION,LABEL
21,CONSORCIO TRANSMANTARO S.A.,20383316473,INFORME TÉCNICO SUSTENTATORIO N° 1 PARA EL PROYECTO “ENLACE 500 KV MANTARO-NUEVA YANANGO-CARAPONGO Y SUBESTACIONES ASOCIADAS” – ITS N° 1 – COYA.,ENLACE 500 KV MANTARO-NUEVA YANANGO-CARAPONGO Y SUBESTACIONES ASOCIADAS,ITS,Electricidad,18/06/2021,Desaprobado,SIN DESCRIPCION,-74.846042,-12.068186,RD N° 00144-2021-SENACE-PE/DEIN,
22,CONSORCIO TRANSMANTARO S.A.,20383316473,INFORME TÉCNICO SUSTENTATORIO N° 2 PARA EL PROYECTO “ENLACE 500 KV NUEVA YANANGO – NUEVA HUÁNUCO (YAROS) Y SUBESTACIONES ASOCIADAS” –ITS N° 2 – YANA,ENLACE 500 KV NUEVA YANANGO-NUEVA HUÁNUCO Y SUBESTACIONES ASOCIADAS,ITS,Electricidad,03/07/2021,Desaprobado,SIN DESCRIPCION,-76.190391,-9.908773,RD N° 00130-2021-SENACE-PE/DEIN,
30,MUNICIPALIDAD DISTRITAL DE HUAMANGUILLA,20143157564,CREACIÓN DEL CAMINO VECINAL DE LOS TRAMOS: TRAMO 01 PACUCRO – HUARIBAMBA; TRAMO 02 HUARIBAMBA – ICHUPATA; TRAMO 03 ACLLAWASI – CRUCE HUARIBAMBA; TRAMO 04 CHULLCUPAMPA – PACURCRO; TRAMO 05 CCOCHAPAMPA – SULLUWAYLLA – PACUCRO; TRAMO 06 TOJYASJA JIPA – CAMPA,CAMINO VECINAL,Clasificación,Transportes,02/09/2020,Desaprobado,SIN DESCRIPCION,-70.39899865,-13.15209764,RD N° 00154-2020-SENACE-PE/DEIN,
79,COMPAÑÍA CONSULTORA DE PETROLEO S.A. (CCP),20144856512,"PPC DEL EIA Y SOCIAL PARA EL ""PROYECTO DE DESARROLLO DE LA ESTRUCTURA HUAYA EN EL LOTE 100""",SIN UNIDAD,PPC,Hidrocarburos,14/06/2016,Desaprobado,SIN DESCRIPCION,-75.18774188,-7.11061194,RD N° 036-2016- SENACE/DCA,
69,GOBIERNO REGIONAL DE HUANCAVELICA,20486020882,"CONSTRUCCION DE LA CARRETERA VECINAL LACHOCCASA – SANTIAGO DE TUCUMA, DISTRITO DE PAMPAS, PROVINCIA DE TAYACAJA Y DEPARTAMENTO DE HUANCAVELICA","CONSTRUCCION DE LA CARRETERA VECINAL LACHOCCASA – SANTIAGO DE TUCUMA, DISTRITO DE PAMPAS, PROVINCIA DE TAYACAJA Y DEPARTAMENTO DE HUANCAVELICA",Clasificación,Transportes,24/10/2019,Desaprobado,SIN DESCRIPCION,-74.94132687,-12.33949972,RD N° 157-2020-SENACE-PE/DEIN,
41,PROYECTO ESPECIAL REGIONAL PASTO GRANDE,20519923182,"INFORME TÉCNICO SUSTENTATORIO PARA LAS ÁREAS AUXILIARES Y EL MEJORAMIENTO DEL CAMINO DE VIGILANCIA, OBRA AUXILIAR CORRESPONDIENTE AL COMPONENTE 2 DEL PROYECTO AMPLIACIÓN DE LA FRONTERA AGRÍCOLA LOMAS DE ILO - MOQUEGUA",CONDUCCIÓN JAGUAY RINCONADA - LOMAS DE ILO,Clasificación,Agricultura,12/07/2021,Desaprobado,SIN DESCRIPCION,-71.0336,-17.5711,RD N° 00164-2021-SENACE-PE/DEI,
43,MUNICIPALIDAD DISTRITAL DE MARA,20201520364,"CREACION DEL CAMINO VECINAL EN LAS LOCALIDADES DE PUCAR, SANTA ROSA DE HUARAQUERAY Y PUEBLO JOVEN HUARAQUERAY DEL DISTRITO DE MARA - PROVINCIA DE COTABAMBAS - DEPARTAMENTO DE APURIMAC","REHABILITACIÓN  Y MEJORAMIENTO  DE INFRAESTRUCTURA  DE TRANSPORTES DE ALCANCE NACIONAL Y/O MACROREGIONAL: CARRETERAS, PUERTOS, AEROPUERTOS, FERROCARRILES Y HELIPUERTOS  (NO CONSIDERADOS EN EL ANEXO 1 RM 891-2019-MTC)",Clasificación,Transportes,12/12/2022,Desaprobado,SIN DESCRIPCION,-72.10041514,-14.0399648,RD N° 00092-2023-SENACE-PE/DEIN,
117,GR CORTARRAMA S.A.C.,20600766873,EVALUACIÓN AMBIENTAL PRELIMINAR (EVAP) DEL PROYECTO “PARQUE SOLAR MATARANI 300 MW Y LÍNEA DE CONEXIÓN 220 KV”,PARQUE SOLAR MATARANI,Clasificación,Electricidad,15/06/2018,Desaprobado,SIN DESCRIPCION,-71.92805652,-16.73478842,RD N° 0121-2018-SENACE-JEF/DEAR,
118,AUTOPISTA DEL NORTE S.A.C.,20520929658,INFORME TÉCNICO SUSTENTATORIO (ITS) PARA LA INSTALACIÓN DE UNA PLANTA DE CHANCADO TORTUGAS DEL PROYECTO OBRAS Y MANTENIMIENTO DE LA RED VIAL 4: PATIVILCA-SANTA-TRUJILLO Y PUERTO SALAVERRY - EMPALME R01N,VÍA DE EVITAMIENTO CHIMBOTE,ITS,Transportes,10/03/2022,Desaprobado,SIN DESCRIPCION,-78.40806071,-9.38220585,RD N° 00134-2022-SENACE-PE/DEIN,
124,NEXA RESOURCES PERU S.A.A.,20100110513,CUARTO INFORME TÉCNICO SUSTENTATORIO PARA LA UNIDAD MINERA CERRO LINDO,UM CERRO LINDO,ITS,Minería,10/05/2022,Desaprobado,SIN DESCRIPCION,-76.10811534,-13.20477989,RD N° 00085-2022-SENACE-PE/DEAR,
142,COMPAÑÍA MINERA PODEROSA S.A.,20137025354,"PRIMER ITS  PARA LAS MODIFICACIONES MENORES DEL TRAZO DE LA LÍNEA DE TRANSMISIÓN PARA EVACUAR LA ENERGÍA QUE SE GENERARÍA EN LAS CENTRALES HIDROELÉCTRICAS CATIVÉN I, CATIVÉN II Y NIMPANA",CH  CATIVEN I Y CATIVEN II,ITS,Minería,06/06/2019,Desaprobado,SIN DESCRIPCION,-78.09653173,-7.89876314,RD N° 0124-2019-SENACE-PE/DEAR,
146,AUTORIDAD PARA LA RECONSTRUCCION CON CAMBIOS,20602114091,"CREACIÓN DEL SERVICIO DE PROTECCIÓN CONTRA INUNDACIONES Y MOVIMIENTO DE MASAS EN LAS QUEBRADAS SAN JERÓNIMO, CONDORAY, JACAYITA Y PICAMARÁN EN LOS DISTRITOS DE LUNAHUANÁ, PACARÁN Y ZUÑIGA DE LA PROVINCIA DE CAÑETE - DEPARTAMENTO DE LIMA",SIN UNIDAD,IGAPRO,Agricultura,11/07/2021,Desaprobado,SIN DESCRIPCION,-76.14133188,-12.94945053,,
133,AGRO ECOSISTEMA S.A.C.,20601044103,"EVAP PARA EL PROYECTO DE PLANTA DE VALORIZACIÓN DE RESIDUOS SÓLIDOS EN EL DISTRITO DE CHILCA, PROVINCIA DE CAÑETE, DEPARTAMENTO DE LIMA",PLANTA DE VALORIZACIÓN DE RESIDUOS SÓLIDOS,Clasificación,Residuos Sólidos,27/03/2021,Desaprobado,SIN DESCRIPCION,-76.73103007,-12.40295538,En Evaluación,
203,MUNICIPALIDAD DISTRITAL DE PAMPAROMAS,20146925848,"CREACIÓN DE TROCHA CARROZABLE DEL CASERÍO DE HUÁSCAR AL CASERÍO DE PICHIU, CENTRO POBLADO DE PISHA DISTRITO DE PAMPAROMAS- PROVINCIA DE HUAYLAS – DEPARTAMENTO DE ÁNCASH",TROCHA CARROZABLE - HUASCAR - PICHIU,Clasificación,Transportes,24/08/2022,Desaprobado,SIN DESCRIPCION,-77.98191084,-9.19200857,RD N° 00093-2023-SENACE-PE/DEIN ,
178,GR BAYOVAR S.A.C.,20602751083,EVALUACIÓN AMBIENTAL PRELIMINAR DEL PROYECTO PARQUE EÓLICO EMMA,PARQUE EOLICO EMMA,Clasificación,Electricidad,30/05/2018,Desaprobado,SIN DESCRIPCION,-80.77856747,-5.9326429,RD N° 0118-2018-SENACE-JEF/DEAR,
224,MUNICIPALIDAD DISTRITAL DE IGUAIN,20143148492,"CREACIÓN DE LAS CARRETERAS ALLCUHILLCA- CHIHUA, HUAYHUAS – MACACHACRA, PUMAHUASI - EMPALME CARRETERA PUCHCAS, DISTRITO DE IGUAIN - HUANTA – AYACUCHO",CAMINO VECINAL,Clasificación,Transportes,01/09/2020,Desaprobado,SIN DESCRIPCION,-70.39899865,-13.15209764,RD N° 00146-2020-SENACE-PE/DEIN,
247,ASOCIACIÓN DE CARNICEROS-PIRAMIDAL-AYACUCHO,20602486720,CENTRO DE BENEFICIO ADECPA,CAMAL ADECPA,Clasificación,Agricultura,09/09/2018,Desaprobado,SIN DESCRIPCION,-74.22424642,-13.22541609,RD N° 00053-2019-SENACE-PE/DEAR,
249,CSF CONTINUA MISTI S.A.C.,20600896637,CSF CONTINUA MISTI 300 MW,CSF MISTI,Clasificación,Electricidad,03/08/2016,Desaprobado,SIN DESCRIPCION,-71.7914,-16.7908,RD N° 089-2016-SENACE/DCA,
263,MUNICIPALIDAD DISTRITAL DE PISUQUIA,20156002926,"TDR ESPECIFICOS PARA LA ELABORACION DEL EIA-SD DEL PROYECTO: MEJORAMIENTO DEL CAMINO VECINAL YUMAL – SAN JUAN DEL REJO – YOMBLÓN Y ACCESO SAN JUAN DEL REJO – SAN MIGUEL DE PORO PORO, DISTRITO DE PISU*","MEJORAMIENTO DEL CAMINO VECINAL YUMAL – SAN JUAN DEL REJO – YOMBLÓN Y ACCESO SAN JUAN DEL REJO – SAN MIGUEL DE PORO PORO, DISTRITO DE PISUQUIA, PROVINCIA DE LUYA, DEPARTAMENTO DE AMAZONAS
",Clasificación,Transportes,24/08/2018,Desaprobado,SIN DESCRIPCION,-78.04836256,-6.37458637,RD N° 00081-2019-SENACE-PE/DEIN ,
230,GOBIERNO REGIONAL DE HUANCAVELICA,20486020882,MEJORAMIENTO Y CREACION DE SERVICIOS DE TRANSITABILIDAD DE LA CARRETERA  PAUCARBAMBA - CHINCHIHUASI – PACHAMARCA - MANTARO - HUAYHUA EN LA PROVINCIA DE CHURCAMPA - HUANCAVELICA,"REHABILITACIÓN  Y MEJORAMIENTO  DE INFRAESTRUCTURA  DE TRANSPORTES DE ALCANCE NACIONAL Y/O MACROREGIONAL: CARRETERAS, PUERTOS, AEROPUERTOS, FERROCARRILES Y HELIPUERTOS  (NO CONSIDERADOS EN EL ANEXO 1 RM 891-2019-MTC)",Clasificación,Transportes,06/01/2023,Desaprobado,SIN DESCRIPCION,-74.52719203,-12.51098214,RD N° 00066-2023-SENACE-PE/DEIN,
231,MUNICIPALIDAD PROVINCIAL DE ESPINAR,20147346434,"DIA “MEJORAMIENTO Y AMPLIACION DEL SERVICIO DE AGUA PARA RIECO QQUETARA DEL DISTRITO DE ESPINAR, PROVINCIA DE ESPINAR – CUSCO”","“MEJORAMIENTO Y AMPLIACION DEL SERVICIO DE AGUA PARA RIECO QQUETARA DEL DISTRITO DE ESPINAR, PROVINCIA DE ESPINAR – CUSCO”",Clasificación,Agricultura,24/09/2018,Desaprobado,SIN DESCRIPCION,-71.38454459,-14.92796806,RD N° 00147-2019-SENACE-PE/DEIN,
233,AUTORIDAD PARA LA RECONSTRUCCION CON CAMBIOS,20602114091,"MEJORAMIENTO Y AMPLIACIÓN DEL SERVICIO DE PROTECCIÓN CONTRA INUNDACIONES EN AMBAS MÁRGENES DEL RÍO VIRÚ Y AFLUENTES, DISTRITO DE CARABAMBA Y VIRÚ, PROVINCIAS DE JULCÁN Y VIRÚ, DEPARTAMENTO DE LA LIBERTAD.",SIN UNIDAD,IGAPRO,Agricultura,27/01/2022,Desaprobado,SIN DESCRIPCION,-78.87720289,-8.48534359,RD N° 00082-2022-SENACE-PE/DEIN,
317,GRUPO INMOBILIARIA MILENIA S.A.C.,20604030758,"HABILITACIÓN URBANA NUEVA NAVARRA-HUANCABAMBA, OXAPAMPA-PASCO",VIVIENDA,Clasificación,Vivienda,18/11/2021,Desaprobado,SIN DESCRIPCION,-75.4402,-10.479038,RD N° 00022-2022-SENACE-PE/DEIN,
378,MUNICIPALIDAD DISTRITAL DE VINCHOS,20143671527,"CREACION Y MEJORAMIENTO DEL CAMINO VECINAL ENTRE LAS COMUNIDADES DE CCOÑANI, CCASACORRAL, CAYRAMAYO Y HUIRICLIA Y RAMAL CAYRAMAYO-TOCONDOLO, DISTRITO DE VINCHOS, PROVINCIA DE HUAMANGA-AYACUCHO","CREACION Y MEJORAMIENTO DEL CAMINO VECINAL ENTRE LAS COMUNIDADES DE CCOÑANI, CCASACORRAL, CAYRAMAYO Y HUIRICLIA Y RAMAL CAYRAMAYO-TOCONDOLO, DISTRITO DE VINCHOS, PROVINCIA DE HUAMANGA-AYACUCHO",Clasificación,Transportes,13/07/2019,Desaprobado,SIN DESCRIPCION,-74.48130682,-13.26321166,RD N° 00016-2020-SENACE-PE/DEIN,
396,MUNICIPALIDAD PROVINCIAL DE CAJAMARCA,20143623042,"CREACIÓN DE SERVICIOS DEL CENTRO DE BENEFICIO DE GANADO DE LA MUNICIPALIDAD PROVINCIAL DE CAJAMARCA, DISTRITO DE LLACANORA, PROVINCIA DE CAJAMARCA, CAJAMARCA.",ISCOCONGA,Clasificación,Agricultura,08/04/2021,Desaprobado,SIN DESCRIPCION,-78.449,-7.202,RD N° 00110-2021-SENACE-PE/DEAR,
386,PROYECTO ESPECIAL DE INFRAESTRUCTURA DE TRANSPORTE NACIONAL - PROVIAS NACIONAL,20503503639,INFORME TÉCNICO SUSTENTATORIO DE LA OBRA COMPLEMENTARIA - PESAJE,"MEJORAMIENTO DE LA CARRETERA HUÁNUCO – CONOCOCHA, SECTOR: HUÁNUCO – LA UNIÓN – HUALLANCA, RUTA PE-3N",ITS,Transportes,21/12/2021,Desaprobado,SIN DESCRIPCION,-76.473141,-9.876777,RD N° 00036-2022-SENACE-PE/DEIN,
423,GOBIERNO REGIONAL MADRE DE DIOS,20527143200,"DIA ""MEJORAMIENTO DE LA RED VIAL DEPARTAMENTAL MD-102 TRAMO CHAPAJAL- EMBARCADERO BOTAFOGO – DISTRITO DE TAMBOPATA – PROVINCIA DE TAMBOPATA – REGION MADRE DE DIOS""",MEJORAMIENTO DE LA RED VIAL DEPARTAMENTAL MD-102 TRAMO CHAPAJAL- EMBARCADERO BOTAFOGO – DISTRITO DE TAMBOPATA – PROVINCIA DE TAMBOPATA – REGION MADRE DE DIOS,Clasificación,Transportes,23/08/2018,Desaprobado,SIN DESCRIPCION,-69.1976068,-12.60707186,RD N° 00060-2019-SENACE-PE/DEIN,
467,MUNSTER PERU S.A.C.,20546603084,"PROYECTO DE INFRAESTRUCTURA DE VALORIZACIÓN DE RESIDUOS SÓLIDOS DEL ÁMBITO DE LA GESTIÓN NO MUNICIPAL EN EL DISTRITO DE VILLA EL SALVADOR, PROVINCIA DE LIMA, LIMA",VALORIZACIÓN DE RESIDUOS SOLIDOS DE CONSTRUCCIÓN,Clasificación,Residuos Sólidos,31/05/2022,Desaprobado,SIN DESCRIPCION,-76.96517677,-12.22156725,RD N° 00108-2022-SENACE-PE/DEIN,
479,PROYECTO ESPECIAL DATEM DEL MARAÑON - ALTO AMAZONAS - LORETO - CONDORCANQUI - PEDAMAALC,20572268200,"TDR DEL EVAP DEL PROYECTO ESPECIAL DATEM: CREACION DEL SERVICIO DE AGUA DEL SISTEMA DE RIEGO EN LA MARGEN DERECHA DEL RIO SHANUSI, SECTOR INDEPENDENCIA, NUEVO JAEN, SUNIPLAYA, TUPAC AMARU Y LA FLORID*","CREACIÓN DEL SERVICIO DE AGUA DEL SISTEMA DE RIEGO EN LA MARGEN DERECHA DEL RIO SHANUSI, SECTOR INDEPENDENCIA, NUEVO JAEN, SUNIPLAYA, TUPAC AMARU Y LA FLORIDA DISTRITO DE YURIMAGUAS, PROVINCIA DE ALTO AMAZONAS, REGION LORETO",Clasificación,Agricultura,30/10/2018,Desaprobado,SIN DESCRIPCION,-76.15461875,-6.01998458,RD N° 00065-2019-SENACE-PE/DEIN,
481,GOBIERNO REGIONAL DE HUANCAVELICA,20486020882,"EIA-SD “MEJORAMIENTO DEL SERVICIO DE TRANSITABILIDAD DE LA CARRETERA DEPARTAMENTAL HV-107, EMP. PE-26B (LIRCAY)-ANCHONGA-HUAYNAY-EMP.PE-3SM (CALZADA), PROVINCIA DE ANGARAES Y ACOBAMBA DEL DEPARTAMENT*","“MEJORAMIENTO DEL SERVICIO DE TRANSITABILIDAD DE LA CARRETERA DEPARTAMENTAL HV-107, EMP. PE-26B (LIRCAY)-ANCHONGA-HUAYNAY-EMP.PE-3SM (CALZADA), PROVINCIA DE ANGARAES Y ACOBAMBA DEL DEPARTAMENTO DE HUANCAVELICA”",Clasificación,Transportes,21/08/2018,Desaprobado,SIN DESCRIPCION,-74.72466056,-12.98566876,RD N° 00063-2019-SENACE-PE/DEIN,
494,SOUTH AMERICA MINING INVESTMENTS S.A.C,20601227747,RAMPA DE EXPLORACIÓN PARA LA  CONFIRMACIÓN DE RESERVAS DE SULFUROS - UM BREAPAMPA,BREAPAMPA,ITS,Minería,21/05/2020,Desaprobado,SIN DESCRIPCION,-73.6689,-15.0702,RD N° 091-2020-SENACE-PE/DEAR,
511,OLYMPIC PERÚ INC SUCURSAL DEL PERÚ,20305875539,"ITS PARA LA MODIFICACIÓN DEL ESTADO DE 10 POZOS, AMPLIACIÓN Y MODIFICACIÓN DE LAS LÍNEAS DE FLUJO DEL PROYECTO DE RECUPERACIÓN SECUNDARIA POR INYECCIÓN DE AGUA DE PRODUCCIÓN EN EL LOTE XIII-A",LOTE XIII-A,ITS,Hidrocarburos,07/11/2019,Desaprobado,SIN DESCRIPCION,-81.1062587,-4.90083773,RD N° 00047-2020-SENACE-PE/DEAR,
532,GOBIERNO REGIONAL DE HUANCAVELICA,20486020882,"MEJORAMIENTO Y CONSTRUCCIÓN DE LA CARRETERA CHOCLOCOCHA – CHAMPACCOCHA – TACSANA – CCARHUANCHO, DISTRITO DE PILPICHACA – HUAYTARA - HUANCAVELICA","MEJORAMIENTO Y CONSTRUCCIÓN DE LA CARRETERA CHOCLOCOCHA – CHAMPACCOCHA – TACSANA – CCARHUANCHO, DISTRITO DE PILPICHACA – HUAYTARA - HUANCAVELICA",Clasificación,Transportes,04/02/2020,Desaprobado,SIN DESCRIPCION,-75.07086893,-13.15626406,RD N° 00104-2020-SENACE-PE/DEIN,
533,GOBIERNO REGIONAL DE HUANCAVELICA,20486020882,"CREACION DEL SERVICIO DE TRANSITABILIDAD DE LA CARRETERA TRAMO C.C.P.P. HUANGAS – EMP PE-3S (HUANCAYO -IZCUCHACA), DISTRITO DE CUENCA - PROVINCIA DE HUANCAVELICA - REGIÓN HUANCAVELICA","CREACION DEL SERVICIO DE TRANSITABILIDAD DE LA CARRETERA TRAMO C.C.P.P. HUANGAS – EMP PE-3S (HUANCAYO -IZCUCHACA), DISTRITO DE CUENCA - PROVINCIA DE HUANCAVELICA - REGIÓN HUANCAVELICA",Clasificación,Transportes,03/12/2019,Desaprobado,SIN DESCRIPCION,-75.02093161,-12.44733776,RD N° 076-2020-SENACE-PE,
570,LOS PORTALES S.A,20301837896,HABILITACIONES URBANAS DE TIPO RESIDENCIAL (NO CORRESPONDA A LAS CATEGORÍAS DEL ANEXO III DEL DS N° 015-2021-VIVIENDA),EVALUACION AMBIENTAL PRELIMINAR,Clasificación,Vivienda,20/07/2022,Desaprobado,SIN DESCRIPCION,-76.22523004,-13.80382451,RD N° 00054-2023-SENACE-PE/DEIN,
541,GOBIERNO REGIONAL DE HUANCAVELICA,20486020882,"MEJORAMIENTO Y CONSTRUCCION DE LA CARRETERA CHOCLOCOCHA - CHAMPACCOCHA - TACSANA - CCARHUANCHO, DISTRITO DE PILPICHACA - HUAYTARA - HUANCAVELICA",HUANCAVELICA,Clasificación,Transportes,29/11/2021,Desaprobado,SIN DESCRIPCION,-74.9624,-13.219,RD N° 00081-2022-SENACE-PE/DEIN,
542,MUNICIPALIDAD DISTRITAL DE OCOBAMBA,20277520126,CREACIÓN DE CAMINO VECINAL ENTRE LAS COMUNIDADES DE YANAMAYO-TASTAYOC DEL DISTRITO DE OCOBAMBA – LA CONVENCIÓN – CUSCO,CREACIÓN DEL CAMINO VECINAL YANAMAYO-TASTAYOC,Clasificación,Transportes,02/12/2021,Desaprobado,SIN DESCRIPCION,-72.25455,-13.096674,RD N° 00052-2022-SENACE-PE/DEIN,
594,MUNICIPALIDAD PROVINCIAL DE ESPINAR,20147346434,"DIA “MEJORAMIENTO Y AMPLIACION DEL SISTEMA DE RIEGO EN EL SECTOR ATA CALLA (C.C. HUARCA) Y SECTOR POLO POLO (C.C. HUISA CCOLLANA) CAÑON PURURO DEL DISTRITO DE ESPINAR, PROVINCIA DE ESPINAR – CUSCO”","“MEJORAMIENTO Y AMPLIACION DEL SISTEMA DE RIEGO EN EL SECTOR ATA CALLA (C.C. HUARCA) Y SECTOR POLO POLO (C.C. HUISA CCOLLANA) CAÑON PURURO DEL DISTRITO DE ESPINAR, PROVINCIA DE ESPINAR – CUSCO”",Clasificación,Agricultura,24/09/2018,Desaprobado,SIN DESCRIPCION,-71.39682847,-14.9226761,RD N° 00113-2019-SENACE-PE/DEIN ,
600,MUNICIPALIDAD DIST.DE CHALLHUAHUACHO,20288774553,"CREACIÓN DEL SERVICIO DE CAMINO VECINAL DE QUEUÑA - ANCHACALLA - CONSAJATA (C.C. PARARANI); QUEUÑA - YANAHUARA, DE LA COMUNIDAD CAMPESINA DE QUEUÑA, DEL DISTRITO DE CHALLHUAHUACHO - PROVINCIA DE COTABAMBAS - DEPARTAMENTO DE APURÍMAC",OFICINA DE ESTUDIOS Y PROYECTOS,Clasificación,Transportes,30/06/2022,Desaprobado,SIN DESCRIPCION,-72.29458033,-14.15072233,RD N° 00204-2022-SENACE-PE/DEIN,
648,ANDEAN EXPLORATION PERÚ S.A.C.,20536940635,INFORME TÉCNICO SUSTENTATORIO PARA LA MODIFICACIÓN DEL PROGRAMA DE PROSPECCIÓN SÍSMICA 2D EN EL LOTE 145 – ZONA 1,LOTE 145,ITS,Hidrocarburos,20/10/2017,Desaprobado,SIN DESCRIPCION,-78.56288171,-5.69650086,RD N° 036-2017-SENACE-JEF/DEAR,
628,AUTORIDAD PARA LA RECONSTRUCCIÓN CON CAMBIOS,20602114091,"CREACIÓN DEL SERVICIO DE PROTECCIÓN CONTRA INUNDACIONES EN LA QUEBRADA SAN IDELFONSO, EN LOS DISTRITOS DE EL PORVENIR, TRUJILLO Y VICTOR LARCO HERRERA DE LA PROVINCIA DE TRUJILLO - DEPARTAMENTO DE LA LIBERTAD",SIN UNIDAD,IGAPRO,Agricultura,30/09/2022,Desaprobado,SIN DESCRIPCION,-78.98328,-7.22262,RD N° 00024-2023-SENACE-PE/DEIN,
705,OLYMPIC PERÚ INC SUCURSAL DEL PERÚ,20305875539,"PROYECTO DE EXPLORACIÓN Y EXPLOTACIÓN DE HIDROCARBUROS, PERFORACIÓN DE 22 POZOS EXPLORATORIOS Y 214 POZOS DE DESARROLLO E INSTALACIÓN DE FACILIDADES DE PRODUCCIÓN EN EL LOTE XIII-C",LOTE XIII-C,Clasificación,Hidrocarburos,11/02/2020,Desaprobado,SIN DESCRIPCION,-80.656768,-5.02336756,RD N° 00070-2020-SENACE-PE/DEAR,
692,MUNICIPALIDAD PROVINCIAL DE UTCUBAMBA,20146917314,MEJORAMIENTO Y AMPLIACIÓN DE LA TRANSITABILIDAD VEHICULAR EN LOS DISTRITOS DE BAGUA GRANDE Y LONYA GRANDE DE LA PROVINCIA DE UTCUBAMBA - DEPARTAMENTO DE AMAZONAS,MEJORAMIENTO Y AMPLIACION DE LA TRANSITABILIDAD VEHICULAR,Clasificación,Transportes,13/09/2022,Desaprobado,SIN DESCRIPCION,-78.39888317,-5.77235013,RD N° 00207-2022-SENACE-PE/DEIN,
699,MUNICIPALIDAD DISTRITAL DE OMIA,20170145365,"DIA ""CREACIÓN DEL CAMINO VECINAL EN LOS TRAMOS LA UNION, LUZ DEL ORIENTE, GARZAYACU, NUEVO MENDOZA, PAMPA HERMOSA, DISTRITO DE OMIA-, PROVINCIA DE RODRIGUEZ DE MENDOZA – AMAZONAS""","CREACIÓN DEL CAMINO VECINAL EN LOS TRAMOS LA UNION, LUZ DEL ORIENTE, GARZAYACU, NUEVO MENDOZA, PAMPA HERMOSA, DISTRITO DE OMIA-, PROVINCIA DE RODRIGUEZ DE MENDOZA – AMAZONAS",Clasificación,Transportes,20/07/2018,Desaprobado,SIN DESCRIPCION,-77.22000599,-6.56607236,RD N° 00081-2018-SENACE-PE/DEIN,
677,PROYECTO ESPECIAL AFIANZAMIENTO Y AMPLIACIÓN RECURSOS HIDRICOS DE TACNA,20170639520,"MEJORAMIENTO DEL SERVICIO DE PROVISION DE 09 SISTEMAS DE ABASTECIMIENTO DE AGUA PARA RIEGO (MEDIANTE POZO TUBULARES), LOS USUARIOS DEL SECTOR HIDRAULICO DE AGUAS SUBTERRANEAS- CALSE A LA YARADA - DISTRITO DE LA YARADA LOS PALOS - PROVINCIA DE TACNA - DEPA",POZOS TUBULARES DE REEMPLAZO,Clasificación,Agricultura,05/10/2022,Desaprobado,SIN DESCRIPCION,-70.50178478,-18.20267292,RD N° 00084-2023-SENACE-PE/DEIN ,
1433,MUNICIPALIDAD PROVINCIAL DE HUARI,20193046551,"SOLICITUD DE CLASIFICACION DE ESTUDIOS AMBIENTALES DEL PROYECTO DE CATEGORIA I: INSTALACION DE LA DEFENSA RIBEREÑA EN EL RIO PUCHKA, SECTOR MATIBAMBA DEL CENTRO POBLADO DE HUAYTUNA, DISTRITO DE MASIN*","INSTALACION DE LA DEFENSA RIBEREÑA EN EL RIO PUCHKA, SECTOR MATIBAMBA DEL CENTRO POBLADO DE HUAYTUNA, DISTRITO DE MASIN, PROVINCIA DE HUARI - ANCASH",Clasificación,Agricultura,05/11/2018,Desaprobado,SIN DESCRIPCION,-77.08227672,-9.36079037,RD N° 00054-2019-SENACE-PE/DEIN,
1161,GOBIERNO REGIONAL DE HUANCAVELICA,20486020882,"CONSTRUCCIÓN DE LA CARRETERA VECINAL CASTILLAPATA-TOTORA-HUISCAHUISCA-YANACHACRE-CENTRO AMBATO (CHICHUCANCHA), DISTRITO DE YAULI –  HUANCAVELICA","CONSTRUCCIÓN DE LA CARRETERA VECINAL CASTILLAPATA-TOTORA-HUISCAHUISCA-YANACHACRE-CENTRO AMBATO (CHICHUCANCHA), DISTRITO DE YAULI –  HUANCAVELICA",Clasificación,Transportes,30/09/2019,Desaprobado,SIN DESCRIPCION,-74.82338949,-12.73537823,RD N° 00012-2020-SENACE-PE/DEIN,
1305,SHOUGANG HIERRO PERU S.A.A.,20100142989,AMPLIACION DE OPERACIONES EN MINA Y PLANTA DE BENEFICIO,UM MARCONA,ITS,Minería,26/07/2016,Desaprobado,SIN DESCRIPCION,-75.1593,-15.2315,RD N° 070-2016-SEANCE/DCA,
1353,INTERSUR CONCESIONES S.A.,20511130124,ITS DEL PROYECTO DE INGENIERÍA DE DETALLE (PID) DEL SECTOR CRÍTICO KM. 231+700 AL KM. 232+800 – TÚNEL OLLACHEA (KM. 231+660 AL KM. 232+800) DEL TRAMO 4: AZÁNGARO – PUENTE INAMBARI DEL PROYECTO CORRED*,"INGENIERÍA DE DETALLE (PID) DEL SECTOR CRÍTICO KM. 231+700 AL KM. 232+800 – TÚNEL OLLACHEA (KM. 231+660 AL KM. 232+800) DEL TRAMO 4: AZÁNGARO – PUENTE INAMBARI DEL PROYECTO CORREDOR VIAL INTEROCEÁNICA SUR, PERÚ – BRASIL",ITS,Transportes,17/01/2019,Desaprobado,SIN DESCRIPCION,-70.47458253,-13.76754085,RD N° 00117-2019-SENACE-PE/DEIN,
1354,CORI PUNO S.A.C.,20406339361,QUINTO INFORME TÉCNICO SUSTENTATORIO DE LA U.M. UNTUCA,U.M. UNTUCA,ITS,Minería,04/05/2019,Desaprobado,SIN DESCRIPCION,-69.39236653,-14.58435426,RD N° 0138-2019-SENACE-PE/DEAR,
1356,MUNICIPALIDAD DISTRITAL DE LUCANAS,20230589446,"CREACIÓN DEL SERVICIO DE PROTECCIÓN CONTRA INUNDACIONES EN LA MARGEN IZQUIERDA DEL RIO CCONTACC EN LA LOCALIDAD DE CCONTACC, DISTRITO DE LUCANAS - PROVINCIA LUCANAS - DEPARTAMENTO AYACUCHO",CCCONTACC,Clasificación,Agricultura,29/11/2022,Desaprobado,SIN DESCRIPCION,-74.26496311,-14.54073684, RD N° 00056-2023-SENACE-PE/DEIN,
1312,PROGRAMA REGIONAL DE RIEGO Y DRENAJE,20199860551,PROYECTOS DE IRRIGACIÓN,CONSTRUCCION DE REPRESA,Clasificación,Agricultura,11/08/2022,Desaprobado,SIN DESCRIPCION,-70.52343806,-15.07551037,RD N° 00050-2023-SENACE-PE/DEIN,
1360,MUNICIPALIDAD PROVINCIAL SATIPO,20146674403,CREACION DEL SERVICIO DE PROTECCION Y CONTROL DE INUNDACIONES CON DEFENSAS RIBEREÑAS EN LA MARGEN DERECHA E IZQUIERDA DEL RIO MAZAMARI – DISTRITO DE MAZAMARI – PROVINCIA DE SATIPO – DEPARTAMENTO DE JUNIN,CREACION DEL SERVICIO DE PROTECCION Y CONTROL DE INUNDACIONES,Clasificación,Agricultura,22/03/2021,Desaprobado,SIN DESCRIPCION,-74.53055682,-11.3323575,RD N° 00155-2021-SENACE-PE/DEIN,
1361,GOBIERNO REGIONAL AMAZONAS,20479569861,CREACIÓN DEL SERVICIO DE TRANSITABILIDAD ENTRE LOS CASERÍOS EL PORVENIR - LEJÍA ALTO - LEGÍA CHICO Y SAN JOSÉ DEL DISTRITO DE OMIA - PROVINCIA DE RODRÍGUEZ DE MENDOZA - DEPARTAMENTO DE AMAZONAS” CON CUI N°2470548,“CREACIÓN DEL SERVICIO DE TRANSITABILIDAD ENTRE LOS CASERÍOS EL PORVENIR - LEJIA ALTO - LEGIA CHICO Y SAN JOSE,Clasificación,Transportes,12/10/2022,Desaprobado,SIN DESCRIPCION,-77.32597558,-6.62754027,RD N° 00032-2023-SENACE-PE/DEIN,
1461,COMPAÑIA MINERA CARAVELI S.A.C.,20126702737,"RECRECIMIENTO DEL DEPÓSITO DE RELAVES CHACCHUILLE II, REUBICACIÓN DEL POZO SÉPTICO N° 3-A Y PRECISIÓN DE DATOS RESPECTO A LA GEOREFERENCIACIÓN DE LAS ESTACIONES DE MONITOREO",U.M. CHACCHUILLE,ITS,Minería,24/06/2016,Desaprobado,SIN DESCRIPCION,-74.042,-15.6426,RD N° 050-2016-SENACE/DCA,
1462,CONCESIONARIA LÍNEA DE TRANSMISIÓN CCNCM S.A.C.,20551938868,ESTUDIO DE IMPACTO AMBIENTAL DE LA LÍNEA DE TRANSMISIÓN CARHUAQUERO-CAJAMARCA NORTE-CÁCLIC-MOYOBAMBA EN 220 KV,L.T. CARHUAQUERO-CAJAMARCA-CACLIC-MOYOBAMBA,ITS,Electricidad,24/06/2016,Desaprobado,SIN DESCRIPCION,-76.9726,-6.0679,RD N° 060-2016-SEANCE/DCA,
1174,GRAÑA Y MONTERO PETROLERA S.A.,20100153832,ITS REUBICACIÓN DE 40 POZOS DE DESARROLLO EN LA ZONA C DEL LOTE III,LOTE III,ITS,Hidrocarburos,30/04/2021,Desaprobado,SIN DESCRIPCION,-81.131,-4.877,RD N° 00166-2021-SENACE-PE/DEAR,
1319,MUNICIPALIDAD DISTRITAL DE INDEPENDENCIA,20193164758,"CREACIÓN DE CAMINO VECINAL ENTRE LA LOCALIDAD DE PACCHAHUALLHUA - HUAYAHUA, DEL DISTRITO DE INDEPENDENCIA, VILCASHUAMAN, AYACUCHO",CREACIÓN DE CAMINO VECINAL,Clasificación,Transportes,23/11/2020,Desaprobado,SIN DESCRIPCION,-73.89962007,-13.87820405,RD N° 00057-2021-SENACE-PE/DEIN,
1475,MUNICIPALIDAD DIST.DE CHALLHUAHUACHO,20288774553,"REHABILITACIÓN  Y MEJORAMIENTO  DE INFRAESTRUCTURA  DE TRANSPORTES DE ALCANCE NACIONAL Y/O MACROREGIONAL: CARRETERAS, PUERTOS, AEROPUERTOS, FERROCARRILES Y HELIPUERTOS  (NO CONSIDERADOS EN EL ANEXO 1 RM 891-2019-MTC)",OFICINA DE ESTUDIOS Y PROYECTOS,Clasificación,Transportes,06/07/2022,Desaprobado,SIN DESCRIPCION,-72.35279914,-14.21404876,,
1181,CONCESIONARIA LÍNEA DE TRANSMISIÓN CCNCM S.A.C.,20551938868,OPTIMIZACIÓN DE TRAZO DE RUTA COMO MEJORA TECNOLÓGICA EN LA LÍNEA DE TRANSMISIÓN CARHUAQUERO- CAJAMARCA NORTE- CACLIC- MOYOBAMBA EN 220 KV/ (PARTE II),L.T. CARHUAQUERO-CAJAMARCA-CACLIC-MOYOBAMBA,ITS,Electricidad,19/01/2017,Desaprobado,SIN DESCRIPCION,-76.97260448,-6.06786698,RD N° 033-2017-SENACE/DCA,
1182,CONCESIONARIA INTEROCEANICA SUR - TRAMO 3 S.A.,20511129975,"INFORME TECNICO SUSTENTATORIO PARA EL “INFORME TÉCNICO DE MANTENIMIENTO (ITM) DEL PUENTE GUILLERMO BILLINGHURST KM 432+365 DEL CORREDOR VIAL INTEROCEÁNICO SUR, PERÚ – BRASIL, TRAMO 3. PUENTE INAMBARI - IÑAPARI”",CORREDOR VIAL INTEROCEÁNICO SUR PERÚ – BRASIL TRAMO N° 3,ITS,Transportes,02/07/2021,Desaprobado,SIN DESCRIPCION,-69.1724,-12.589,RD N° 00148-2021-SENACE-PE/DEIN,
1331,SURVIAL S.A.,20517216241,TERCER ITS PARA LA MODIFICACIÓN DE ÁREAS AUXILIARES REQUERIDAS PARA LA CONCESIÓN SURVIAL S.A.,TERCER INFORME TÉCNICO SUSTENTATORIO (ITS) PARA LA MODIFICACIÓN DE ÁREAS AUXILIARES REQUERIDAS PARA LA CONCESIÓN SURVIAL S.A.,ITS,Transportes,06/03/2020,Desaprobado,SIN DESCRIPCION,-72.59861305,-13.55154848,RD N° 055-2020-SENACE-PE,
1379,TERMINAL PORTUARIO PARACAS S.A.,20562916360,"PROYECTO: DISEÑO, CONSTRUCCIÓN, FINANCIAMIENTO, CONSERVACIÓN Y EXPLOTACIÓN DEL TERMINAL PORTUARIO GENERAL SAN MARTÍN – PISCO",TERMINAL PORTUARIO GENERAL SAN MARTÍN – PISCO,MEIA-d,Transportes,12/04/2018,Desaprobado,SIN DESCRIPCION,-76.28913444,-13.80118234,RD N° 00073-2020-SENACE-PE/DEIN,
1197,"SAPET DEVELOPMENT PERÚ INC., SUCURSAL DEL PERÚ",20168702346,MEJORA TECNOLÓGICA PARA LOS SUELOS AFECTADOS CON HIDROCARBUROS EN EL LOTE VII-VI,LOTE VII/VI,ITS,Hidrocarburos,15/04/2016,Desaprobado,SIN DESCRIPCION,-81.2373,-4.5067,RD N° 021-2016-SENACE/DCA,
1112,CONSORCIO TRANSMANTARO S.A.,20383316473,ITS PARA EL PROYECTO “ENLACE 500 KV MANTARO-NUEVA YANANGO-CARAPONGO Y SUBESTACIONES ASOCIADAS”,COYA,ITS,Electricidad,01/12/2020,Desaprobado,SIN DESCRIPCION,-74.79072953,-12.29461699,RD N° 00022-2021-SENACE-PE/DEIN,
1251,CONCESIONARIA INTEROCEANICA SUR - TRAMO 3 S.A.,20511129975,"ITS PARA LAS PTAR EN LAS UNIDADES INTEGRADAS DE PEAJE Y PESAJE (UNIÓN PROGRESO KM 354+700, PLANCHÓN KM 468+435 Y SAN LORENZO KM 579+400) DEL PROYECTO CORREDOR VIAL INTEROCEÁNICO SUR PERÚ-BRASIL, TRAM*","CORREDOR VIAL INTEROCEÁNICO SUR, PERÚ-BRASIL, TRAMO N° 3 INAMBARI-IÑAPARI",ITS,Transportes,31/08/2018,Desaprobado,SIN DESCRIPCION,-69.77593959,-12.88156875,RD N° 00038-2019-SENACE-PE/DEIN,
1116,COMPAÑIA ELECTRICA EL PLATANAL S.A.,20512481125,MEJORA TECNOLÓGICA  POZA DE AMORTIGUAMIENTO A LA SALIDA DE DEMASIAS DEL SISTEMA DE CONDUCCIÓN DE LA CENTRAL HIDROELÉCTRICA EL PLATANAL,POZA DE AMORTIGUAMIENTO,ITS,Electricidad,14/02/2022,Desaprobado,SIN DESCRIPCION,-75.9582764,-12.71624328,RD N° 00098-2022-SENACE-PE/DEAR,
1211,PROYECTO ESPECIAL DE INFRAESTRUCTURA DE TRANSPORTE NACIONAL - PROVIAS NACIONAL,20503503639,INFORME TÉCNICO SUSTENTATORIO DE LA OBRA COMPLEMENTARIA PESAJE,"MEJORAMIENTO DE LA CARRETERA HUÁNUCO – CONOCOCHA, SECTOR: HUÁNUCO – LA UNIÓN – HUALLANCA, RUTA PE-3N",ITS,Transportes,22/06/2022,Desaprobado,SIN DESCRIPCION,-76.30840635,-9.92046369,RD N° 00195-2022-SENACE-PE/DEIN,
1404,ARUNTANI S.A.C.,20466327612,CUARTO INFORME TÉCNICO SUSTENTATORIO DE LA UNIDAD MINERA ARASI: CANTERA JESSICA NORTE,U.M. ARASI,ITS,Minería,16/03/2018,Desaprobado,SIN DESCRIPCION,-70.8286,-15.2466,RD N° 061-2018-SENACE-JEF/DEAR ,
1405,APUMAYO S.A.C.,20547735014,TERCER INFORME TÉCNICO SUSTENTATORIO DE LA MODIFICACIÓN DEL ESTUDIO DE IMPACTO AMBIENTAL DE LA UNIDAD MINERA APUMAYO,UNIDAD MINERA APUMAYO,ITS,Minería,29/05/2020,Desaprobado,SIN DESCRIPCION,-73.9201,-14.9565,RD N° 00102-2020-SENACE-PE/DEAR,
1418,TERRANOVA & VITA INMOBILIARIA S.A.C.,20606278684,"PROYECTO DE HABILITACIÓN URBANA CON CONSTRUCCIÓN SIMULTÁNEA DE VIVIENDA “BELLAVISTA DE PARACAS” UBICADO EN EL DISTRITO DE PARACAS, PROVINCIA DE PISCO, DEPARTAMENTO DE ICA",VIVIENDA,Clasificación,Vivienda,06/04/2022,Desaprobado,SIN DESCRIPCION,-76.22913212,-13.82187726,RD N° 00115-2022-SENACE-PE/DEIN,
1134,CSF CONTINUA PICHU PICHU S.A.C.,20600896734,CSF CONTINUA PICHU PICHU 60 MW,CSF PICHU PICHU,Clasificación,Electricidad,20/07/2016,Desaprobado,SIN DESCRIPCION,-71.7807,-16.6414,RD N° 087-2016-SENACE/DCA,
1419,MUNICIPALIDAD DIST.DE CHALLHUAHUACHO,20288774553,"REHABILITACIÓN  Y MEJORAMIENTO  DE INFRAESTRUCTURA  DE TRANSPORTES DE ALCANCE NACIONAL Y/O MACROREGIONAL: CARRETERAS, PUERTOS, AEROPUERTOS, FERROCARRILES Y HELIPUERTOS  (NO CONSIDERADOS EN EL ANEXO 1 RM 891-2019-MTC)",OFICINA DE ESTUDIOS Y PROYECTOS,Clasificación,Transportes,13/07/2022,Desaprobado,SIN DESCRIPCION,-72.2732496,-14.15137996,RD N° 00202-2022-SENACE-PE/DEIN,
1422,GRUPO INMOBILIARIA MILENIA S.A.C.,20604030758,HABILITACIÓN URBANA NUEVA NAVARRA-HUANCABAMBA-OXAPAMPA-PASCO,VIVIENDA,Clasificación,Vivienda,16/03/2022,Desaprobado,SIN DESCRIPCION,-75.44019953,-10.47903756,Resolución Directora N° 00001-2023-SENACE-PE/DEIN,
1423,AUTORIDAD PARA LA RECONSTRUCCION CON CAMBIOS,20602114091,"CREACIÓN DEL SERVICIO DE PROTECCIÓN ANTE EL PELIGRO DE INUNDACIONES EN EL RÍO LA LECHE, EN 53 LOCALIDADES DE LOS DISTRITOS DE PACORA, ÍLLIMO Y JAYANCA EN LA PROVINCIA DE LAMBAYEQUE Y EN LOS DISTRITOS DE PÍTIPO E INCAHUASI DE LA PROVINCIA DE FERREÑAF",SIN UNIDAD,IGAPRO,Agricultura,07/09/2022,Desaprobado,SIN DESCRIPCION,-79.67857064,-6.48349562,,
1140,NAVISAN S.A.,20379907955,ESTUDIO DE IMPACTO AMBIENTAL DETALLADO DEL PROYECTO TERMINAL PORTUARIO DE PUCUSANA,PUCUSANA,EIA-d,Transportes,28/10/2021,Desaprobado,SIN DESCRIPCION,-76.7992,-12.4934,RD N° 00035-2023-SENACE-PE/DEIN,
963,SINDICATO ENERGETICO S.A.,20256391202,COMPONENTE ELÉCTRICO DEL PROYECTO DE IRRIGACIÓN E HIDROENERGÉTICO OLMOS,CH OLMOS,ITS,Electricidad,12/06/2022,Desaprobado,SIN DESCRIPCION,-79.55221643,-5.93720814,RD N° 00035-2023-SENACE-PE/DEAR,
1066,MUNICIPALIDAD DISTRITAL DE JANGAS,20206179776,MEJORAMIENTO Y AMPLIACIÓN DE LA TROCHA CARROZABLE DE LA  LOCALIDAD DE HUACHENCA A LA LOCALIDAD DE TARA EN LA LOCALIDAD DE JANGAS - DISTRITO DE JANGAS -  PROVINCIA DE HUARAZ - DEPARTAMENTO DE ANCASH,“MEJORAMIENTO Y AMPLIACIÓN DE LA TROCHA CARROZABLE DE LA  LOCALIDAD DE HUACHENCA A LA LOCALIDAD DE TARA EN LA LOCALIDAD DE JANGAS - DISTRITO DE JANGAS -  PROVINCIA DE HUARAZ - DEPARTAMENTO DE ANCASH”.,Clasificación,Transportes,06/12/2019,Desaprobado,SIN DESCRIPCION,-77.57338953,-9.40765194,RD N° 053-2020-SENACE-PE/DEI,
773,MUNICIPALIDAD DISTRITAL DE CONCHAMARCA,20206555859,"CREACION DE LA TROCHA CARROZABLE CRUCE TINGO 00+000HUAYNACOLLCA 00+800 – CRUZ PATA 02+100 KM – CARHUANCHO 04+900 KM – YORGAPIRCA 07+200 KM – GASHAPUNTA 08+800 KM, DISTRITO DE CONCHAMARCA – AMBO – HU*","“CREACION DE LA TROCHA CARROZABLE CRUCE TINGO 00+000HUAYNACOLLCA 00+800 – CRUZ PATA 02+100 KM – CARHUANCHO 04+900 KM – YORGAPIRCA 07+200 KM – GASHAPUNTA 08+800 KM, DISTRITO DE CONCHAMARCA – AMBO – HUÁNUCO",Clasificación,Transportes,21/06/2019,Desaprobado,SIN DESCRIPCION,-76.31169972,-10.09348889,RD N° 00163-2019-SENACE-PE/DEIN,
974,MUNICIPALIDAD PROVINCIAL DE HUANCAVELICA,20171725144,"CONSTRUCCIÓN DE CARRETERA SAN CRISTOBAL - QUIRALQUICHQUI - YANAMITO - HORNOBAMBA, PROVINCIA DE HUANCAVELICA – HUANCAVELICA",TRANSPORTE,Clasificación,Transportes,07/11/2022,Desaprobado,SIN DESCRIPCION,-74.96197489,-12.77177263,,
783,MUNICIPALIDAD DISTRITAL DE HAQUIRA,20189921595,"DIA ""CREACION DEL SERVICIO DE TRANSITABILIDAD DE LOS TRAMOS PAMPA SAN JOSÉ - CCOLCCARAMA - HUICSUPILLO - HUILLUCA A NIVEL DE AFIRMADO EN EL, DISTRITO DE HAQUIRA - COTABAMBAS – APURIMAC""","CREACION DEL SERVICIO DE TRANSITABILIDAD DE LOS TRAMOS PAMPA SAN JOSÉ - CCOLCCARAMA - HUICSUPILLO - HUILLUCA A NIVEL DE AFIRMADO EN EL, DISTRITO DE HAQUIRA - COTABAMBAS – APURIMAC",Clasificación,Transportes,04/09/2018,Desaprobado,SIN DESCRIPCION,-72.22796525,-14.34894515,RD N° 00096-2018-SENACE-PE/DEIN,
880,MUNICIPALIDAD PROVINCIAL DE BOLIVAR,20202505695,EVALUACIÓN AMBIENTAL PRELIMINAR (EVAP) DEL PROYECTO “CREACION DEL SERVICIO DE TRANSITABILIDAD  EN  EL  CAMINO  VECINAL  CHALABAMBA  -  YALEN  DEL  DISTRITO  DE BOLIVAR - PROVINCIA DE BOLIVAR - DEPARTAMENTO DE LA LIBERTAD,CAMINO VECINAL CHALABAMBA - YALEN,Clasificación,Transportes,27/03/2022,Desaprobado,SIN DESCRIPCION,-77.7661541,-7.17726397,RD N° 0125-2022-SENACE-PE/DEIN,
786,MUNICIPALIDAD DISTRITAL DE INDEPENDENCIA,20193164758,"CREACIÓN DE CAMINO VECINAL ENTRE LA LOCALIDAD DE PACCHAHUALLHUA- HUAYAHUA DEL DISTRITO DE INDEPENDENCIA, VILCASHUAMAN, AYACUCHO",CAMINO VECINAL PACCHAHUALLHUA - HUAYAHUA,Clasificación,Transportes,19/04/2022,Desaprobado,SIN DESCRIPCION,-73.88915196,-13.85282292,RD N° 00192-2022-SENACE-PE/DEIN,
1091,CONSORCIO TRANSMANTARO S.A.,20383316473,S.E. MANTARO,S.E. MATARO,ITS,Electricidad,05/09/2017,Desaprobado,SIN DESCRIPCION,-74.32697841,-13.27732755,RD N° 291-2017-SENACE-DCA,
887,INVICTA MINING CORP S.A.C.,20512526595,TERCER INFORME TÉCNICO SUSTENTATORIO DE LA UNIDAD MINERA INVICTA,U.M. INVICTA,ITS,Minería,29/08/2018,Desaprobado,SIN DESCRIPCION,-77.01483848,-11.03636973,RD N° 0036-2018-SENACE-PE/DEAR,
897,CSF CONTINUA CHACHANI S.A.C.,20600896793,CSF CONTINUA CHACHANI 100 MW,CSF CHACHANI,Clasificación,Electricidad,20/07/2016,Desaprobado,SIN DESCRIPCION,-71.8174,-16.7029,RD N° 086-2016-SENACE/DCA,
905,MINISTERIO DE TRANSPORTES Y COMUNICACIONES,20131379944,INFORME TÉCNICO SUSTENTATORIO (EN ADELANTE “ITS”) PARA LA HABILITACIÓN DE POZOS DE AGUA PARA LA ETAPA DE CONSTRUCCIÓN DEL NUEVO AEROPUERTO INTERNACIONAL DE CHINCHERO - CUSCO (EN ADELANTE AICC),DIRECCIÓN GENERAL DE AERONÁUTICA CIVIL,ITS,Transportes,24/03/2022,Desaprobado,SIN DESCRIPCION,-72.07580273,-13.3677547,RD N° 00088-2022-SENACE-PE/DEIN,
906,MUNICIPALIDAD DISTRITAL DE TINGO,20170145446,"EVAP DEL PROYECTO ""CREACIÓN DE LOS SERVICIOS DE EMBARQUE Y DESEMBARQUE TERRESTRE DE PASAJEROS EN LA LOCALIDAD DE NUEVO TINGO DEL DISTRITO DE TINGO PROVINCIA DE LUYA, DEPARTAMENTO DE AMAZONAS""","PROYECTO: CREACIÓN DE LOS SERVICIOS DE EMBARQUE Y DESEMBARQUE TERRESTRE DE PASAJEROS EN LA LOCALIDAD DE NUEVO TINGO DEL DISTRITO DE TINGO PROVINCIA DE LUYA, DEPARTAMENTO DE AMAZONAS",Clasificación,Transportes,18/10/2018,Desaprobado,SIN DESCRIPCION,-77.91138489,-6.37087619,RD N° 00067-2019-SENACE-PE/DEIN,
907,MUNICIPALIDAD DISTRITAL DE OCOBAMBA,20277520126,"DIA ""MEJORAMIENTO DE LA TRANSITABILIDAD VEHICULAR DE LA VIA CU-106, TRAMO JUKICHACA-KELKAYBAMBA-SAN LORENZO-HUAYRACPUNCO, CENTRO POBLADO DE KQUELCCAYBAMBA - DISTRITO DE OCOBAMBA - PROVINCIA DE LA CON*","MEJORAMIENTO DE LA TRANSITABILIDAD VEHICULAR DE LA VIA CU-106, TRAMO JUKICHACA-KELKAYBAMBA-SAN LORENZO-HUAYRACPUNCO, CENTRO POBLADO DE KQUELCCAYBAMBA - DISTRITO DE OCOBAMBA - PROVINCIA DE LA CONVENCION - REGIÓN CUSCO",Clasificación,Transportes,07/08/2018,Desaprobado,SIN DESCRIPCION,-72.32486254,-13.02551542,RD N° 00018-2019-SENACE-PE/DEIN,
1011,MUNICIPALIDAD DISTRITAL DE PICHARI,20317337150,"PPC DEL EIA-SD PARA EL PIP “CONSTRUCCIÓN DE CAMINO VECINAL ENTRE LAS COMUNIDADES NATIVAS DE SATARUNSHIATO – CATARUNGO KEMPIRI – EMPALME CARRETERA NATIVIDAD, DISTRITO DE PICHARI - LA CONVENCIÓN - CUSCO”,",SIN UNIDAD,Clasificación,Transportes,12/03/2018,Desaprobado,SIN DESCRIPCION,-73.9036401,-12.20977761,RD N° 00055-2018-SENACE-PE/DEIN,
1013,UNNA ENERGIA S.A.,20100153832,REUBICACIÓN DE 90 POZOS DE DESARROLLO EN LA ZONA A DEL LOTE IV,LOTE IV,ITS,Hidrocarburos,04/05/2022,Desaprobado,SIN DESCRIPCION,-81.16659046,-4.48448874,RD N° 00167-2022-SENACE-PE/DEAR,
822,MUNICIPALIDAD DISTRITAL DE HUARIACA,20183998651,"OBRAS DE DEFENSA RIBEREÑA, A EXCEPCIÓN DE AQUELLAS CUYA CONSTRUCCIÓN CONSIDERE COMO INSUMO PRINCIPAL ROCA",MUNICIPALIDAD DISTRITAL DE HUARIACA,Clasificación,Agricultura,26/07/2022,Desaprobado,SIN DESCRIPCION,-76.17808597,-10.45696984,RD N° 00216-2022-SENACE-PE/DEIN,
826,CONCESIONARIA VIAL DEL SOL S.A. - COVISOL S.A.,20522547957,"ITS PARA LA ""INCORPORACIÓN Y AMPLIACIÓN DE ÁREAS AUXILIARES""",SIN UNIDAD,ITS,Transportes,20/07/2017,Desaprobado,SIN DESCRIPCION,-79.46142778,-7.46148035,RD N° 228-2017-SENACE/DCA,
843,SOCIEDAD MINERA EL BROCAL S.A.A.,20100017572,"TERCER INFORME TÉCNICO SUSTENTATORIO PARA LA AMPLIACION DEL TAJO NORTE, AMPLIACIÓN DEL DEPOSITO DE DESMONTES CONDORCAYÁN Y EL REAPROVECHAMIENTO DE RELAVES HUARAUCACA",U.M. COLQUIJIRCA,ITS,Minería,07/01/2017,Desaprobado,SIN DESCRIPCION,-76.2856,-10.7663,RD N° 048-2017-SENACE/DCA,
1045,CONCESIONARIA IIRSA NORTE S.A.,20511004251,"INFORME TÉCNICO SUSTENTATORIO PARA EL DEPÓSITO DE MATERIAL EXCEDENTE KM 397+020 LI DEL PROYECTO CORREDOR VIAL AMAZONAS NORTE, TRAMO 3: CORRAL QUEMADO – RIOJA",TRAMO III,ITS,Transportes,16/09/2020,Desaprobado,SIN DESCRIPCION,-77.66107877,-5.68268414,RD N° 00004-2021-SENACE-PE/DEIN,
947,GRAÑA Y MONTERO PETROLERA S.A.,20100153832,INFORME TÉCINOC SUSTENTATORIO PARA LA AMPLIACIÓN DEL SISTEMA DE COMPRESIÓN EC-8014 DEL LOTE III,LOTE III,ITS,Hidrocarburos,13/12/2017,Desaprobado,SIN DESCRIPCION,-81.1403,-4.7711,RD N° 029-2018-SENACE-JEF/DEAR,
949,COMPAÑÍA MINERA CARAVELÍ S.A.C.,20126702737,PRIMER INFORME TÉCNICO SUSTENTATORIO DE LA MODIFICACIÓN DEL ESTUDIO DE IMPACTO AMBIENTAL EXPLOTACIÓN Y BENEFICIO DE MINERALES AURÍFEROS PROYECTO LA ESTRELLA,U.M. LA ESTRELLA,ITS,Minería,19/11/2018,Desaprobado,SIN DESCRIPCION,-77.54179374,-9.75755556,RD N° 004-2019-SENACE-PE/DEAR,
1849,PROYECTO ESPECIAL CHINECAS,20164359701,"EVALUACIÓN AMBIENTAL PRELIMINAR (EVAP) PARA EL PROYECTO: “MEJORAMIENTO DEL CANAL DE IRRIGACIÓN IRCHIM, DESDE EL KM 0+000 AL KM 40+100. ÁMBITO DEL PROYECTO ESPECIAL CHINECAS EN EL DISTRITO DE CHIMBOTE-PROVINCIA DE SANTA-DEPARTAMENTO DE ANCASH",CANAL DE IRRIGACIÓN IRCHIM,Clasificación,Agricultura,29/03/2022,Desaprobado,SIN DESCRIPCION,-78.4989058,-8.9307138,RD N° 00180-2022-SENACE-PE/DEIN,
1895,ANABI S.A.C.,20517187551,"SEGUNDO ITS PARA LA MODIFICACIÓN, AMPLIACIÓN E IMPLEMENTACIÓN DE NUEVOS COMPONENTES DEL EIA DEL PROYECTO MINERO ANAMA",U.M. ANAMA,ITS,Minería,07/09/2016,Desaprobado,SIN DESCRIPCION,-72.7558,-14.3406,RD N° 091-2016-SENACE/DCA,
1761,MUNICIPALIDAD DISTRITAL DE SAN MARCOS,20166544000,"MEJORAMIENTO DEL SERVICIO DE PROTECCION EN EL RIACHUELO YUNCAN EN EL CASERIO DE CARMEN ROSA DEL CENTRO POBLADO DE LA MERCED DE GAUCHO, DISTRITO DE SAN MARCOS, PROVINCIA DE HUARI – DEPARTAMENTO DE ANCASH",DEFENSA RIBEREÑA YUNCAN,Clasificación,Agricultura,23/06/2022,Desaprobado,SIN DESCRIPCION,-77.17437086,-9.58773425,RD N° 00181-2022-SENACE-PE/DEIN,
1764,PETROLEOS DEL PERU PETROPERU SA,20100128218,INFORME TECNICO SUSTENTATORIO PARA EL PROYECTO “MODIFICACIÓN Y MEJORA TECNOLÓGICA EN EL RELLENO DE SEGURIDAD MILLA SEIS DE PETROPERU S.A.-REFINERIA TALARA”,TALARA,ITS,Hidrocarburos,07/05/2021,Desaprobado,SIN DESCRIPCION,-81.2034,-4.5881,RD N° 00161-2021-SENACE-PE/DEAR,
1902,MUNICIPALIDAD DISTRITAL DE LAURICOCHA,20143109241,"CREACIÓN DEL SERVICIO DE PROTECCIÓN Y CONTROL DE INUNDACIONES EN LA MARGEN IZQUIERDA Y DERECHA DEL RÍO LURICOCHA, EN LAS LOCALIDADES DE CEDROHUERTA Y LURICOCHA, DISTRITO DE LURICOCHA, PROVINCIA DE HUANTA, DEPARTAMENTO DE AYACUCHO",CREACIÓN SEL SERVICIO DE PROTECCIÓN Y CONTROL DE INUNDACIONES,Clasificación,Agricultura,02/09/2020,Desaprobado,SIN DESCRIPCION,-70.39899865,-13.15209764,RD N° 00034-2021-SENACE-PE/DEIN,
1949,MUNICIPALIDAD DISTRITAL DE CHOLON,20321337547,SOLICITUD DE CLASIFICACION DE ESTUDIOS AMBIENTALES DEL PROYECTO CREACION DEL PUENTE SOBRE EL RIO HUALLAGA - PUERTO MEGOTE C.P. PARAISO DISTRITO DE CHOLON - MARAÑON - HUANUCO. CODIGO SNIP 299566,SIN UNIDAD,Clasificación,Transportes,18/04/2018,Desaprobado,SIN DESCRIPCION,-76.35326431,-8.47401729,RD N° 00062-2018-SENACE-PE/DEIN,
2042,MUNICIPALIDAD DISTRITAL DE KIMBIRI,20178199251,"EVAP DEL MEJORAMIENTO DEL TRAMO EXISTENTE Y CONSTRUCCIÓN DEL CAMINO VECINAL ENTRE LAS COMUNIDADES DE IRAPITARI - 9 DE DICIEMBRE - PUERTO RICO - CHILENOPATA, DISTRITO DE KIMBIRI - LA CONVENCIÓN–CUSCO","MEJORAMIENTO DEL TRAMO EXISTENTE (KM 0+000 AL KM 4+600 Y KM 9+820 AL KM 11+823) Y CONSTRUCCIÓN (KM 4+600 AL KM 9+820) DEL CAMINO VECINAL ENTRE LAS COMUNIDADES DE IRAPITARI - 9 DE DICIEMBRE - PUERTO RICO - CHILENOPATA, DISTRITO DE KIMBIRI - LA CONVENC",Clasificación,Transportes,30/08/2018,Desaprobado,SIN DESCRIPCION,-73.78355761,-12.62101248,RD N° N °00094-2019-SENACE-PE/DEIN,
2044,LSA ALMACENERA PERÚ S.A.C.,20478205377,PROYECTO DE ALMACÉN DE CONCENTRADOS DE MINERALES LSA  ALMACENERA,ALMACEN LSA,Clasificación,Minería,07/05/2019,Desaprobado,SIN DESCRIPCION,-77.13273512,-11.98356486,RD N° 184-2019-SENACE-PE/DEAR,
2045,UPLAND OIL AND GAS LLC SUCURSAL DEL PERÚ,20516244161,"INFORME TÉCNICO SUSTENTATORIO PARA EL PROYECTO “REUBICACIÓN DE CUATRO (04) POZOS CONFIRMATORIOS: TRES (3) EN LA ESTRUCTURA PIEDRA CANDELA Y UNO (01) EN LA ESTRUCTURA EL CARDO"". ""EIA DE PERFORACIÓN DE 36 POZOS EN LA FASE DE EXPLORACIÓN (6 EXPLORATORIOS Y 3",REUBICACIÓN DE CUATRO (04) POZOS CONFIRMATORIOS: TRES (3) EN LA ESTRUCTURA PIEDRA CANDELA Y UNO (1) EN LA ESTRUCTURA EL CARDO.,ITS,Hidrocarburos,07/09/2022,Desaprobado,SIN DESCRIPCION,-80.56019827,-3.69420596,RD N° 00180-2022-SENACE-PE/DEAR,
1766,GOBIERNO REGIONAL DE PASCO,20489252270,"DIA PARA LA CONSTRUCCIÓN DE LA CARRETERA TRAMO CARHUANCHO - LLICLLAO, DISTRITO DE YANAHUANCA, PROVINCIA DANIEL CARRIÓN, REGIÓN PASCO SNIP Nº 255185","CONSTRUCCIÓN DE LA CARRETERA TRAMO CARHUANCHO - LLICLLAO, DISTRITO DE YANAHUANCA, PROVINCIA DANIEL CARRIÓN, REGIÓN PASCO SNIP Nº 255185",Clasificación,Transportes,11/07/2018,Desaprobado,SIN DESCRIPCION,-76.59510052,-10.53826703,RD N° 00012-2019-SENACE-PE/DEIN,
1952,PROVIAS DESCENTRALIZADO,20380419247,"EVAP DEL PROYECTO MEJORAMIENTO DEL CAMINO VECINAL INTEGRADOR DESDE EL TALLAN, SINCHAO CHICO HASTA LA RUTA PANAMERICANA 1N QUE ARTICULA NUEVO SINCHAO CHICO, ZONA VENTURA, NUEVO TALLAN, NUEVO PIEDRAL Y*","MEJORAMIENTO DEL CAMINO VECINAL INTEGRADOR DESDE EL TALLAN, SINCHAO CHICO HASTA LA RUTA PANAMERICANA 1N QUE ARTICULA NUEVO SINCHAO CHICO, ZONA VENTURA, NUEVO TALLAN, NUEVO PIEDRAL Y EL TABANCO DE EL TALLAN, PROVINCIA DE PIURA - PIURA",Clasificación,Transportes,01/08/2018,Desaprobado,SIN DESCRIPCION,-80.68021473,-5.41684672,RD N° 00031-2018-SENACE-PE/DEIN,
1955,"SAPET DEVELOPMENT PERÚ INC., SUCURSAL DEL PERÚ",20168702346,AMPLIACIÓN E INSTALACIÓN DE LÍNEAS DE CONDUCCIÓN DE GAS NATURAL DE BAJA PRESIÓN EN EL EX LOTE VI,LOTE VII/VI,ITS,Hidrocarburos,15/04/2016,Desaprobado,SIN DESCRIPCION,-81.2939,-4.4757,RD N° 020-2016-SENACE/DCA,
2049,GOBIERNO REGIONAL DE HUANCAVELICA,20486020882,"MEJORAMIENTO Y CREACION DE SERVICIOS DE TRANSITABILIDAD DE LA CARRETERA PAUCARBAMBA - CHINCHIHUASI - PACHAMARCA - MANTARO - HUAYHUA EN LA , PROVINCIA DE CHURCAMPA - HUANCAVELICA",HUANCAVELICA,Clasificación,Transportes,31/01/2022,Desaprobado,SIN DESCRIPCION,-74.5411,-12.5149,RD N° 00090-2022-SENACE-PE/DEIN,
1909,GOBIERNO REGIONAL AMAZONAS,20479569861,CREACIÓN DEL SERVICIO DE TRANSITABILIDAD ENTRE LOS CASERÍOS EL PORVENIR - LEJIA ALTO - LEGIA CHICO Y SAN JOSE DEL DISTRITO DE OMIA - PROVINCIA DE RODRIGUEZ DE MENDOZA - DEPARTAMENTO DE AMAZONAS” CON CUI N°2470548,“CREACIÓN DEL SERVICIO DE TRANSITABILIDAD ENTRE LOS CASERÍOS EL PORVENIR - LEJIA ALTO - LEGIA CHICO Y SAN JOSE,Clasificación,Transportes,28/12/2021,Desaprobado,SIN DESCRIPCION,-77.325976,-6.62754,RD N° 00117-2022-SENACE-PE/DEIN,
1911,MUNICIPALIDAD DIST.DE CHALLHUAHUACHO,20288774553,"CREACIÓN DEL SERVICIO DE CAMINO VECINAL DEL ANEXO DE SUCASUCA AL CAMIMO VECINAL AP 962; DEL CAMINO VECINAL AP 962 AL SECTOR DE HUALLPAMAYO DE LA COMUNIDAD CAMPESINA DE QUEUÑA DEL DISTRITO DE CHALLHUAHUACHO, PROVINCIA DE COTABAMBAS, DEPARTAMENTO DE APURÍMA",OFICINA DE ESTUDIOS Y PROYECTOS,Clasificación,Transportes,09/11/2022,Desaprobado,SIN DESCRIPCION,-72.28522179,-14.15026717,,
1815,SIERRA ANTAPITE S.A.C.,20601434335,2° INFORME TÉCNICO SUSTENTATORIO DEL EIA PROYECTO DE AMPLIACIÓN DE OPERACIONES MINERO - METALÚRGICAS,U.M. ANTAPITE,ITS,Minería,23/02/2019,Desaprobado,SIN DESCRIPCION,-75.07036832,-13.97353012,RD N° 081-2019-SENACE-PE/DEAR,
1783,CONCESIONARIA INTEROCEANICA SUR TRAMO 2 S.A.,20511125040,"ITS PARA EL INFORME TÉCNICO DE MANTENIMIENTO (ITM) DE 10 PUENTES UBICADOS ENTRE EL KM 213+000 – KM 246+437.49 DEL PROYECTO CORREDOR VIAL INTEROCEÁNICO SUR, PERÚ – BRASIL, TRAMO N° 2: URCOS - PUENTE INAMBARI","CORREDOR VIAL INTEROCEÁNICO SUR, PERÚ – BRASIL, TRAMO N° 2: URCOS - PUENTE INAMBARI
CORREDOR VIAL INTEROCEÁNICO SUR, PERÚ – BRASIL, TRAMO N° 2: URCOS - PUENTE INAMBARI
",ITS,Transportes,26/04/2021,Desaprobado,SIN DESCRIPCION,-70.56287702,-13.18797108,RD N° 0086-2021-SENACE-PE/DEIN,
1921,MUNICIPIO DISTRITAL A PARDO LEZAMETA,20219601957,"DIA ""RECUPERACIÓN Y MEJORAMIENTO DEL CAMINO VECINAL ENTRE LAS LOCALIDADES DE MURI-COCA-LLACLLA, DISTRITO DE ABELARDO PARDO LEZAMETA-BOLOGNESI-ANCASH""","RECUPERACIÓN Y MEJORAMIENTO DEL CAMINO VECINAL ENTRE LAS LOCALIDADES DE MURI-COCA-LLACLLA, DISTRITO DE ABELARDO PARDO LEZAMETA-BOLOGNESI-ANCASH",Clasificación,Transportes,13/09/2018,Desaprobado,SIN DESCRIPCION,-77.1460913,-10.29943371,RD N° 00056-2019-SENACE-PE/DEIN,
1971,CONCESIONARIA IIRSA NORTE S.A.,20511004251,INFORME TÉCNICO SUSTENTATORIO (ITS) PARA LA INSTALACIÓN DE UNA PLANTA INDUSTRIAL Y CANTERA KM 230+065 LI DEL PROYECTO CORREDOR VIAL AMAZONAS  NORTE TRAMO N°3 (RIOJA - CORRAL QUEMADO,MANTENIMIENTO DE PROYECTOS DE INFRAESTRUCTURA DE TRANSPORTES  EN OPERACIÓN  (NO CONSIDERADOS EN EL ANEXO 1 RM 891-2019-MTC),ITS,Transportes,21/01/2023,Desaprobado,SIN DESCRIPCION,-78.41824552,-5.7644785,RD N° 00091-2023-SENACE-PE/DEIN,
2077,ABENGOA PERÚ S.A.,20253757931,"PPC DE LA MODIFICACIÓN DEL EIA DEL PROYECTO ""LÍNEA DE TRANSMISIÓN 138 KV S.E. LLO 3 - S.E. PLAZA TOQUEPALA-VARIANTE DE LA LÍNEA DE TRANSMISIÓN 138 KV""",SIN UNIDAD,PPC,Electricidad,21/03/2016,Desaprobado,SIN DESCRIPCION,-70.65105639,-17.28914109,RD N° 012-2016- SENACE/DCA,
1975,DIRECCION REGIONAL DE TRANSPORTES Y COMUNICACIONES DEL GOBIERNO REGIONAL MADRE DE DIOS,20199189710,"CREACIÓN DEL CAMINO VECINAL, INICIO DESVÍO MARGEN DERECHA KM 92 VÍA INTEROCEÁNICA (PE. 30C) SOL NACIENTE - HUACAMAYO, DISTRITO DE INAMBARI, PROVINCIA DE TAMBOPATA – MADRE DE DIOS","CREACIÓN DEL CAMINO VECINAL, INICIO DESVÍO MARGEN DERECHA KM 92 VÍA INTEROCEÁNICA (PE. 30C) SOL NACIENTE - HUACAMAYO, DISTRITO DE INAMBARI, PROVINCIA DE TAMBOPATA – MADRE DE DIOS",Clasificación,Transportes,05/03/2020,Desaprobado,SIN DESCRIPCION,-69.893474,-12.89414207,RD N° 00147-2020-SENACE-PE/DEIN,
1796,NEXA RESOURCES EL PORVENIR S.A.C.,20492744833,QUINTO INFORME TÉCNICO SUSTENTATORIO PARA LA MODIFICACIÓN DE COMPONENTES AUXILIARES DE LA UNIDAD MINERA EL PORVENIR,U.M. EL PORVENIR,ITS,Minería,23/07/2018,Desaprobado,SIN DESCRIPCION,-76.21416857,-10.62407306,RD N° 011-2018-SENACE-PE/DEAR,
2072,CONSORCIO TRANSMANTARO S.A.,20383316473,INFORME TÉCNICO SUSTENTATORIO PARA EL PROYECTO “ENLACE 500 KV NUEVA YANANGO-NUEVA HUÁNUCO Y SUBESTACIONES ASOCIADAS”.,ENLACE 500 KV NUEVA YANANGO-NUEVA HUÁNUCO Y SUBESTACIONES ASOCIADAS,ITS,Electricidad,13/11/2020,Desaprobado,SIN DESCRIPCION,-76.19039105,-9.90877266,RD N° 00010-2021-SENACE-PE/DEIN,
1804,GERENCIA SUB REGIONAL CASTROVIRREYNA,20486987864,"CONSTRUCCIÓN    DE    PROYECTOS    DE    INFRAESTRUCTURA    DE TRANSPORTES   DE  ALCANCE  NACIONAL:   CARRETERAS,   PUERTOS, AEROPUERTOS,  FERROCARRILES Y HELIPUERTOS  (NO CONSIDERADOS EN EL ANEXO 1 RM 891-2019-MTC)",CREACIÓN DE SERVICIO DE TRANSITABILIDAD,Clasificación,Transportes,21/07/2022,Desaprobado,SIN DESCRIPCION,-75.34464282,-13.1441667,Resolución Directora N° 00015-2023-SENACE-PE/DEIN,
1721,COMPAÑÍA MINERA KOLPA S.A.,20600020022,INFORME TÉCNICO SUSTENTATORIO MODIFICACIÓN DE COMPONENTES DE LA UNIDAD MINERA HUACHOCOLPA,U.M. HUACHOCOLPA UNO,ITS,Minería,10/01/2020,Desaprobado,SIN DESCRIPCION,-74.98216932,-13.07508336,RD N° 00057-2020-SENACE-PE/DEAR,
1857,MUNICIPALIDAD PROVINCIAL DE CANETE,20154440373,"DIA ""CREACION SERVICIO DE PROTECCION CONTRA INUNDACIONES EN LOS SECTORES CASTILLA, 28 DE JULIO Y LOS PINOS DEL DISTRITO DE SAN VICENTE DE CAÑETE, PROVINCIA DE CAÑETE, REGIÓN LIMA""","CREACION SERVICIO DE PROTECCION CONTRA INUNDACIONES EN LOS SECTORES CASTILLA, 28 DE JULIO Y LOS PINOS DEL DISTRITO DE SAN VICENTE DE CAÑETE, PROVINCIA DE CAÑETE, REGIÓN LIMA",Clasificación,Agricultura,24/07/2018,Desaprobado,SIN DESCRIPCION,-76.38744768,-13.07779531,RD N° 00003-2019-SENACE-PE/DEIN,
1861,COMPAÑÍA DE MINAS BUENAVENTURA S.A.A.,20100079501,SEXTO INFORME TÉCNICO SUSTENTATORIO DE LA UNIDAD MINERA TAMBOMAYO,TAMBOMAYO,ITS,Minería,05/01/2021,Desaprobado,SIN DESCRIPCION,-71.93716735,-15.4722179,RD N° 00033-2021-SENACE-PE/DEAR,
1728,ANABI S.A.C.,20517187551,PROYECTO UTUNSA,U.M. UTUNSA,ITS,Minería,28/10/2016,Desaprobado,SIN DESCRIPCION,-72.2888,-14.4182,RD N° 130-2016-SENACE/DCA,
1738,AUTORIDAD PARA LA RECONSTRUCCION CON CAMBIOS,20602114091,"CREACIÓN DEL SERVICIO DE PROTECCIÓN FRENTE A INUNDACIONES EN AMBAS MÁRGENES DEL RÍO TUMBES, EN TRAMOS VULNERABLES DESDE LA ESTACIÓN EL TIGRE HASTA LA SALIDA AL MAR, EN LOS DISTRITOS DE PAMPAS DE HOSPITAL, SAN JACINTO, SAN JUAN DE LA VIRGEN, CORRALES",SIN UNIDAD,IGAPRO,Agricultura,26/10/2021,Desaprobado,SIN DESCRIPCION,-80.45642731,-3.7688137,,
1825,AUTORIDAD PARA LA RECONSTRUCCION CON CAMBIOS,20602114091,"CREACIÓN DEL SERVICIO DE PROTECCIÓN CONTRA DESBORDES DE QUEBRADAS NORTE VERDE, QUENETO, CEREALES, EL ARENAL Y HUASCARÁN, DISTRITO DE VIRÚ - PROVINCIA DE VIRÚ - DEPARTAMENTO DE LA LIBERTAD. AUT",SIN UNIDAD,IGAPRO,Agricultura,13/12/2021,Desaprobado,SIN DESCRIPCION,-78.7772422,-8.37700777,RD N° 00065-2022-SENACE-PE/DEIN,
2012,MUNICIPALIDAD DISTRITAL DE PROVIDENCIA,20187384223,"CONSTRUCCION DE LA CARRETERA EL CARMELO – GRAMALOTE – LA LIBERTAD, DISTRITO DE PROVIDENCIA - LUYA - AMAZONAS","CONSTRUCCION DE LA CARRETERA EL CARMELO – GRAMALOTE – LA LIBERTAD, DISTRITO DE PROVIDENCIA - LUYA - AMAZONAS",Clasificación,Transportes,24/09/2019,Desaprobado,SIN DESCRIPCION,-78.27275377,-6.29400738,RD N° 0004-2020-SENACE-PE/DEIN,
1743,MUNICIPALIDAD DISTRITAL DE SAN RAFAEL,20200197357,EVALUACION AMBIENTAL PRELIMINAR (EVAP) DEL PROYECTO “CONSTRUCCIÓN DEL CAMINO VECINAL MARAYZONDOR – SANTO DOMINGO DE RONDÓS – HUILLAPARAC DISTRITO DE SAN RAFAEL – AMBO - HUÁNUCO”,EVALUACION AMBIENTAL PRELIMINAR (EVAP) DEL PROYECTO “CONSTRUCCIÓN DEL CAMINO VECINAL MARAYZONDOR – SANTO DOMINGO DE RONDÓS – HUILLAPARAC DISTRITO DE SAN RAFAEL – AMBO - HUÁNUCO”,Clasificación,Transportes,26/04/2019,Desaprobado,SIN DESCRIPCION,-76.17241283,-10.30729026,RD N° 00157-2019-SENACE-PE/DEIN,
1879,GOBIERNO REGIONAL DE UCAYALI,20393066386,"EVAP DEL PROYECTO “MEJORAMIENTO DE LA CARRETERA DEPARTAMENTAL CAMPO VERDE – NUEVA REQUENA, DISTRITOS DE CAMPO VERDE Y NUEVA REQUENA, PROVINCIA DE CORONEL PORTILLO, DEPARTAMENTO DE UCAYALI” COD. SNIP *","“MEJORAMIENTO DE LA CARRETERA DEPARTAMENTAL CAMPO VERDE – NUEVA REQUENA, DISTRITOS DE CAMPO VERDE Y NUEVA REQUENA, PROVINCIA DE CORONEL PORTILLO, DEPARTAMENTO DE UCAYALI” COD. SNIP 157054",Clasificación,Transportes,17/10/2018,Desaprobado,SIN DESCRIPCION,-74.80764534,-8.47693856,RD N° 00119-2019-SENACE-PE/DEIN ,
1748,MUNICIPALIDAD DISTRITAL PUCARA,20203936029,"CONSTRUCCIÓN Y MEJORAMIENTO DEL CAMINO VECINAL ENTRE: PUENTE TECHIN - NARANJITOS - AYAHUACA, DISTRITO DE PUCARÁ - PROVINCIA DE JAÉN - CAJAMARCA",DIRECCION DE INFRAESTRUCTURA Y DESARROLLO URBANO RURAL,Clasificación,Transportes,27/05/2021,Desaprobado,SIN DESCRIPCION,-79.0674,-6.0376,RD N° 00152-2021-SENACE-PE/DEIN,
1838,PROYECTO ESPECIAL DE INFRAESTRUCTURA DE TRANSPORTE NACIONAL - PROVIAS NACIONAL,20503503639,"EVAP PARA EL PUENTE RIO GRANDE, UBICADOS EN LOS CORREDORES VIA NACIONAL RUTA 1S: TRAMO ICA - DV. QUILCA - REPARTICION, RUTA 1SD: TRAMO LOS CERILLOS - ISLAY - MOLLENDO - ILO - EL POZO, RUTA PE38: TRAM*","PUENTE RIO GRANDE, UBICADOS EN LOS CORREDORES VIA NACIONAL RUTA 1S: TRAMO ICA - DV. QUILCA - REPARTICION, RUTA 1SD: TRAMO LOS CERILLOS - ISLAY - MOLLENDO - ILO - EL POZO, RUTA PE38: TRAMO TACNA - TARATA (SNIP 303240)",Clasificación,Transportes,31/07/2018,Desaprobado,SIN DESCRIPCION,-75.20613489,-14.5074053,RD N° 00039-2018-SENACE-PE/DEIN,
2179,CONCESIONARIA INTEROCEÁNICA SUR - TRAMO 2 S.A.,20511125040,"ITS PARA LA OBRA ACCESORIA DE ESTABILIZACIÓN Y RECUPERACIÓN DEL SECTOR INESTABLE KM 240+995 - KM 241+145 DEL PROYECTO CORREDOR VIAL INTEROCEÁNICA SUR PERÚ-BRASIL, TRAMO N° 2 URCOS - INAMBARI",SIN UNIDAD,ITS,Transportes,26/10/2017,Desaprobado,SIN DESCRIPCION,-70.99778292,-70.99778292,RD N° 022-2017-SENACE- JEF/DEIN,
2180,GR VALE S.A.C.,20602751997,EVALUACIÓN AMBIENTAL PRELIMINAR (EVAP) DEL PROYECTO PARQUE SOLAR LUPI 180 MW,SOLAR LUPI,Clasificación,Electricidad,15/06/2018,Desaprobado,SIN DESCRIPCION,-70.51375055,-16.82030385,RD N° 122-2018-SENACE-JEF/DEAR,
1632,MUNICIPALIDAD PROVINCIAL COTABAMBAS - APURIMAC,20161096068,PROYECTOS DE IRRIGACIÓN,REPRESA CCELLOPAMPA,Clasificación,Agricultura,15/07/2022,Desaprobado,SIN DESCRIPCION,-72.25020988,-13.85887406,RD N° 00212-2022-SENACE-PE/DEIN,
1543,SINDICATO ENERGETICO S.A.,20256391202,COMPONENTE ELÉCTRICO DEL PROYECTO DE IRRIGACIÓN E HIDROENERGÉTICO OLMOS,CH OLMOS,ITS,Electricidad,05/11/2021,Desaprobado,SIN DESCRIPCION,-79.5142105,-5.92830908,RD N° 00041-2022-SENACE-PE/DEAR,
1549,MUNICIPALIDAD DISTRITAL DE LUCANAS,20230589446,CREACIÓN DEL SERVICIO DE PROTECCIÓN CONTRA INUNDACIONES EN LA MARGEN IZQUIERDA DEL RÍO CCONTACC EN LA LOCALIDAD DE CCONTACC DEL DISTRITO DE LUCANAS - PROVINCIA DE LUCANAS - DEPARTAMENTO DE AYACUCHO,CCCONTACC,Clasificación,Agricultura,08/06/2022,Desaprobado,SIN DESCRIPCION,-74.26435207,-14.54027383,RD N° 00171-2022-SENACE-PE/DEIN,
1556,GOBIERNO REGIONAL AYACUCHO,20452393493,"CREACIÓN DEL CAMINO VECINAL ENTRE LAS COMUNIDADES DE SAN MARTÍN DE CHUPON Y BELEN CHAPI, DISTRITO DE CHUNGUI - LA MAR - AYACUCHO",CAMINO VECINAL,Clasificación,Transportes,19/10/2022,Desaprobado,SIN DESCRIPCION,-73.50049218,-13.25466849,RD N° 00026-2023-SENACE-PE/DEIN,
1648,CONCESIONARIA VIAL DEL SOL S.A. - COVISOL S.A.,20522547957,"ITS PARA LAS OBRAS ADICIONALES ""PASO DE DESNIVEL KM 988+811-SECTOR COSCOMBA DE LA PANAMERICANA NORTE""",SIN UNIDAD,ITS,Transportes,18/07/2017,Desaprobado,SIN DESCRIPCION,-80.68548995,-5.20168173,RD N° 327-2017-SENACE/DCA,
2109,ELECTRICIDAD DEL PERU ELECTROPERU S.A.,20100027705,ESTUDIO Y ELABORACIÓN DEL EXPEDIENTE TÉCNICO PARA LA ESTABALIZACIÓN DE LOS TALUDES DE LA CARRETERA ENTRE LA ZONA DE COTA Y C.H. RESTITUCIÓN,C.H. RESTITUCION,Clasificación,Electricidad,03/08/2017,Desaprobado,SIN DESCRIPCION,-74.6402344,-12.35497634,RD N° 013-2017-SENACE-JEF/DEAR,
1564,AGRICOLA ANDREA S.A.C.,20505688903,EVALUACIÓN AMBIENTAL PRELIMINAR DE FUNDO GINI,FUNDO GINI,Clasificación,Agricultura,24/11/2021,Desaprobado,SIN DESCRIPCION,-76.029875,-13.740456,RD N° 00051-2022-SENACE-PE/DEAR,
2115,CORPORACION MINERA CENTAURO S.A.C.,20457362294,ITS REPROCESAMIENTO DE RIPIOS DEL PAD DE LIXIVIACIÓN (6 FASES),U.M. QUICAY,ITS,Minería,14/09/2016,Desaprobado,SIN DESCRIPCION,-76.388,-10.6964,RD N° 094-2016-SENACE-DCA,
2120,COMPAÑIA MINERA COIMOLACHE S.A.,20140688640,5TO ITS DE LA UNIDAD MINERA TANTAHUATAY,U.M. TANTAHUATAY,ITS,Minería,09/10/2019,Desaprobado,SIN DESCRIPCION,-78.691,-6.7343,RD N° 0200-2019-SENACE-PE/DEAR,
1483,ENGIE ENERGÍA PERÚ S.A.,20333363900,"MODIFICACIÓN DE COMPONENTES AUXILIARES DE LA CENTRAL HIDROELÉCTRICA QUITARACSA I, POR LA INCLUSIÓN DEL CAMPAMENTO CAVERNA Y SISTEMAS DE TRATAMIENTO EN CASA DE MÁQUINAS",C.H. QUITARACSA I,ITS,Electricidad,10/03/2017,Desaprobado,SIN DESCRIPCION,-77.84703518,-8.80356492,RD N° 110-2017-SENACE-J-DCA/UPAS-UGS,
1488,MUNICIPALIDAD DISTRITAL DE PARDO MIGUEL,20148155381,"CREACIÓN DE PUENTE HUARO EN EL CASERIO LA PERLA DEL MAYO, DISTRITO DE PARDO MIGUEL - RIOJA - SAN MARTIN","CREACIÓN DE PUENTE HUARO EN EL CASERIO LA PERLA DEL MAYO, DISTRITO DE PARDO MIGUEL - RIOJA - SAN MARTIN",Clasificación,Transportes,10/12/2018,Desaprobado,SIN DESCRIPCION,-77.62685596,-5.63921723,RD N° 00048-2019-SENACE-PE/DEIN,
2137,MUNICIPALIDAD DIST.DE CHALLHUAHUACHO,20288774553,"CREACIÓN DEL SERVICIO DE CAMINO VECINAL DE LA COMUNIDAD DE HUANCUIRE - SECTOR DE SUYTUYO - MOCCOPATA Y SECTOR SUYTUYO - LLACTANI DE LA COMUNIDAD CAMPESINA DE PATARIO DEL DISTRITO DE CHALLHUAHUACHO, PROVINCIA DE COTABAMBAS, DEPARTAMENTO DE APURIMAC",OFICINA DE ESTUDIOS Y PROYECTOS,Clasificación,Transportes,09/11/2022,Desaprobado,SIN DESCRIPCION,-72.29987659,-14.22345752,"Resolución Directora N° 00016-2023-SENACE-PE/DEIN
",
1491,MUNICIPALIDAD PROVINCIAL DE HUAMALIES,20175212095,"CREACIÓN SERVICIO DE TRANSITABILIDAD DESDE LA LOCALIDAD POGOJPAMPA HASTA LA LOCALIDAD DE JIRCACANCHA (5+760 KM), EN EL DISTRITO DE LLATA, PROVINCIA DE HUAMALIES - HUÁNUCO",CREACIÓN SERVICIO DE TRANSITABILIDAD,Clasificación,Transportes,03/03/2021,Desaprobado,SIN DESCRIPCION,-76.83861561,-9.63118322,En Evaluación,
1493,INTERSUR CONCESIONES S.A.,20511130124,"PROYECTO VARIANTE DE CARRETERA CASAHUIRI, KM 260+300 AL KM 261+100 DEL TRAMO 4 AZÁNGARO – PUENTE INAMBARI, DEL CORREDOR VIAL INTEROCEÁNICO SUR PERÚ-BRASIL",VARIANTE CASAHUIRI,ITS,Transportes,17/12/2021,Desaprobado,SIN DESCRIPCION,-70.45991762,-13.64017677,RD N° 00096-2022-SENACE-PE/DEIN,
1496,ENGIE ENERGIA PERU S.A.,20333363900,MEJORA TECNOLÓGICA DEL PROGRAMA DE MONITOREO AMBIENTAL DE CALIDAD DE AGUA DE MAR DE LA CENTRAL TERMOELÉCTRICA CHILCA 1,CENTRAL TERMOELÉCTRICA CHILCA UNO,ITS,Electricidad,22/05/2021,Desaprobado,SIN DESCRIPCION,-76.7603,-12.5384,RD N° 00140-2021-SENACE-PE/DEAR,
1591,MUNICIPALIDAD DISTRITAL DE CUCHUMBAYA,20221228511,CREACIÓN DE LA TROCHA CARROZABLE DE TERCER ORDEN CUCHUMBAYA-SOQUESANE DEL DISTRITO DE CUCHUMBAYA - MARISCAL NIETO – MOQUEGUA. CUI: 2167581,TROCHA CARROSABLE,Clasificación,Transportes,05/09/2022,Desaprobado,SIN DESCRIPCION,-70.67913147,-16.75317949,RD N° 00215-2022-SENACE-PE/DEIN,
1592,GOBIERNO REGIONAL DE PASCO,20489252270,"CREACION DEL CAMINO VECINAL PARA EL SERVICIO DE TRANSITABILIDAD VEHICULAR: EMPALME PA 651 (CRUCE TINGO MAL PASO), COCATAMBO, QUIRASOL, CUSHI – 4 LOCALIDADES DEL DISTRITO DE POZUZO  - PROVINCIA DE OXAPAMPA – DEPARTAMENTO DE PASCO",CREACION DE CAMINO VECINAL,Clasificación,Transportes,18/02/2022,Desaprobado,SIN DESCRIPCION,-75.697139,-9.963906,RD N° 00146-2022-SENACE-PE/DEIN,
1594,MUNICIPALIDAD DISTRITAL DE ECHARATI,20159368271,"CONSTRUCCIÓN DE LA CARRETERA VECINAL KAMANKIRIATO-TUNQUIMAYO II, ZONAL IVOCHOTE, DISTRITO DE ECHARATI, PROVINCIA DE LA CONVENCION-CUSCO”",CARRETERA VECINAL KAMANKIRIATO-TUNQUIMAYO II,Clasificación,Transportes,18/08/2021,Desaprobado,SIN DESCRIPCION,-73.037991,-12.52659,RD N° 00012 -2022-SENACE-PE/DEIN,
1604,PROYECTO ESPECIAL AFIANZAMIENTO Y AMPLIACIÓN RECURSOS HIDRICOS DE TACNA,20170639520,ITS COMPONENTE I: CANAL DE CONDUCCIÓN VILACHAULLANI - CALACHACA - CHUAPALCA,CANAL DE CONDUCCIÓN VILACHAULLANI - CALACHACA - CHUAPALCA,ITS,Agricultura,22/04/2021,Desaprobado,SIN DESCRIPCION,-69.91906142,-17.32719631,En Evaluación,
2157,COMPAÑÍA MINERA ANTAPACCAY S.A.,20114915026,QUINTO ITS PARA EL REPROCESAMIENTO DE RIPIOS GRUESOS ALMACENADOS EN EL BOTADERO 23,U.M. ANTAPACCAY,ITS,Minería,06/06/2017,Desaprobado,SIN DESCRIPCION,-71.34080095,-14.91405903,RD N° 180-2017-SENACE/DCA,
2158,MINERA YANACOCHA S.R.L.,20137291313,SEGUNDO INFORME TECNICO SUSTENTATORIO DE CAMBIOS MENORES A LA QUINTA MODIFICACION DEL EIA DE LA AMPLIACION DEL PROYECTO CARACHUGO SUPLEMENTARIO YANACOCHA ESTE,U.M. YANACOCHA,ITS,Minería,28/04/2017,Desaprobado,SIN DESCRIPCION,-78.48586496,-6.97612352,RD N° 154-2017-SENACE/DCA,
1512,MUNICIPALIDAD DISTRITAL DE VILAVILA,20190391613,"MEJORAMIENTO DEL SERVICIO DE PROTECCION CONTRA INUNDACIONES EN LA LOCALIDAD DE VILAVILA, DISTRITO DE","MEJORAMIENTO DEL SERVICIO DE PROTECCION CONTRA INUNDACIONES EN LA LOCALIDAD DE VILAVILA, DISTRITO DE",Clasificación,Agricultura,23/01/2020,Desaprobado,SIN DESCRIPCION,-70.65878116,-15.1882646,RD N° 00088-2020-SENACE-PE/DEIN,
2165,AUTOPISTA DEL NORTE S.A.C.,20520929658,"CONSTRUCCIÓN    DE    PROYECTOS    DE    INFRAESTRUCTURA    DE TRANSPORTES   DE  ALCANCE  NACIONAL:   CARRETERAS,   PUERTOS, AEROPUERTOS,  FERROCARRILES Y HELIPUERTOS  (NO CONSIDERADOS EN EL ANEXO 1 RM 891-2019-MTC)",VÍA DE EVITAMIENTO CHIMBOTE,ITS,Transportes,20/07/2022,Desaprobado,SIN DESCRIPCION,-78.56572541,-8.9934197,RD N° 00189-2022-SENACE-PE/DEIN,
1517,PROYECTO ESPECIAL DE INFRAESTRUCTURA DE TRANSPORTE NACIONAL - PROVIAS NACIONAL,20503503639,"ITS PARA EL ""SERVICIO DE GESTIÓN Y CONSERVACIÓN VIAL POR NIVELES DE SERVICIO DEL CORREDOR VIAL: HUÁNUCO - LA UNIÓN - HUALLANCA - DV. ANTAMINA Y PTE TINGO - LLATA - ANTAMINA, TRAMOS I - VI""",SIN UNIDAD,ITS,Transportes,03/03/2017,Desaprobado,SIN DESCRIPCION,-76.64440811,-9.82042172,RD N° 081-2017-SENACE/DCA,
2167,MUNICIPALIDAD DISTRITAL DE CUJILLO,20201571350,"CREACIÓN DEL SERVICIO DE PROTECCIÓN EN LA RIBERA DEL RIO MALLETA, VULNERABLE ANTE EL PELIGRO DE DESBORDES E INUNDACIONES EN LA LOCALIDAD DE NUEVO MALLETA DEL DISTRITO DE CUJILLO - PROVINCIA DE CUTERVO - DEPARTAMENTO DE CAJAMARCA",GERENCIA DE INFRAESTRUCTURA DE DESARROLLO URBANO Y RURAL,Clasificación,Agricultura,08/02/2021,Desaprobado,SIN DESCRIPCION,-78.612373,-6.071509,RD N° 00085-2021-SENACE-PE/DEIN,
1710,PROYECTO ESPECIAL BINACIONAL LAGO TITICACA,20162117379,"SOLICITUD DE CLASIFICACIÓN DEL PROYECTO: MEJORAMIENTO DEL SERVICIO DE AGUA PARA RIEGO, EN LOS SECTORES DE FARUYO, CUIPACUIPA, LACA Y CUIRARI, DISTRITO DE SANTA ROSA DE MAZOCRUZ, PROVINCIA DE EL COLLA*","MEJORAMIENTO DEL SERVICIO DE AGUA PARA RIEGO, EN LOS SECTORES DE FARUYO, CUIPACUIPA, LACA Y CUIRARI, DISTRITO DE SANTA ROSA DE MAZOCRUZ, PROVINCIA DE EL COLLAO, REGIÓN PUNO",Clasificación,Agricultura,28/11/2018,Desaprobado,SIN DESCRIPCION,-69.83367559,-16.93559604,RD N° 083-2019-SENACE-PE/DEIN,
1714,MUNICIPALIDAD DISTRITAL JACOBO D HUNTER,20168918942,CREACION DEL SERVICIO DE PREVENCION DE DESASTRES ENTE LAS URB. LAS PEÑAS Y LA AV. LA AMISTAD CENTRO POBLADO HUNTER-AREQUIPA-AREQUIPA,PREVENCION DE RIESGOS DE DESASTRES,Clasificación,Agricultura,09/06/2021,Desaprobado,SIN DESCRIPCION,-71.5379,-16.4392,RD N° 00031-2022-SENACE-PE/DEIN,
2175,CONCESIONARIA INTEROCEANICA SUR TRAMO 2 S.A.,20511125040,"ITS PARA EL INFORME TÉCNICO DE MANTENIMIENTO (ITM) DE 22 PUENTES Y 86 PONTONES UBICADOS ENTRE EL KM 004+320 – KM 246+357.49 DEL PROYECTO CORREDOR VIAL INTEROCEÁNICO SUR, PERÚ – BRASIL, TRAMO N° 2: URCOS - PUENTE INAMBARI","CORREDOR VIAL INTEROCEÁNICO SUR, PERÚ – BRASIL, TRAMO N° 2: URCOS - PUENTE INAMBARI CORREDOR VIAL INTEROCEÁNICO SUR, PERÚ – BRASIL, TRAMO N° 2: URCOS - PUENTE INAMBARI",ITS,Transportes,26/04/2021,Desaprobado,SIN DESCRIPCION,-71.60579972,-13.67265516,RD N° 00089-2021-SENACE-PE/DEIN,
